"","x","y","presence"
"1",1.45281454390348,38.9423032900378,0
"2",-2.12918463106348,36.9449493919874,0
"3",-0.0454015931081342,42.4281262850199,0
"4",-3.39969707417324,38.6071588107216,0
"5",-1.67375520890397,41.7341822995779,0
"6",-0.656172515374521,40.3428744068862,0
"7",2.13080039667484,42.461766355141,0
"8",3.6440460655825,44.034128877889,0
"9",-0.0296050882221577,41.9093713835586,0
"10",-2.51587524447914,41.9168042800743,0
"11",-0.491736647736297,42.1709317556831,0
"12",-5.73502432131444,37.7641483036557,0
"13",-1.91049425010264,36.9456395054627,0
"14",-1.29678933514563,41.9596834917053,0
"15",-2.32155783245017,40.2831227405096,0
"16",-2.09697721926729,38.8606580730916,0
"17",-1.72290956314799,38.1801909450137,0
"18",-6.09813090568844,35.1511482143205,0
"19",-5.93892410468715,37.8473100531472,0
"20",-5.80922244272813,35.2449471332984,0
"21",-2.05387372577661,42.5028730825843,0
"22",-3.30552983635178,38.6978762970575,0
"23",-0.945648576324858,38.1319344310599,0
"24",-0.537205031668782,41.5146171090418,0
"25",6.52080801627536,43.4462425992556,0
"26",-3.26696318737716,38.3862976092668,0
"27",-1.36144412511585,41.6643780380543,0
"28",-2.14727647634519,38.6910534268376,0
"29",-3.0567259178685,37.3269128193361,0
"30",0.285718769594844,42.8233350959535,0
"31",-1.67765627473163,40.8086781266512,0
"32",-2.81172268123435,40.8027042307515,0
"33",-0.765833598514828,40.100694102354,0
"34",-2.51601922835318,41.376828591505,0
"35",-5.39515091279642,38.3022908794685,0
"36",-5.76507304754329,37.7383880969045,0
"37",-1.12710035971202,37.6809312958933,0
"38",-1.94687234081908,40.5863389751015,0
"39",2.80682454083394,43.9268419308629,0
"40",-0.651170696371251,40.3925525269804,0
"41",-4.58305204785744,38.2536954416106,0
"42",4.10466270495498,43.6897215347608,0
"43",3.90817149056964,44.4089246386581,0
"44",6.33519541596953,44.377795087389,0
"45",-2.29507486062228,36.860957101548,0
"46",2.6142271408045,44.0102390993263,0
"47",-3.19064070178059,38.1650051008387,0
"48",-2.18874713401793,40.4255643838626,0
"49",-4.8844214736079,38.5868077119392,0
"50",-2.311069772521,38.760299493575,0
"51",5.35956253712967,43.5446468460755,0
"52",-0.167842383381913,41.6552942167126,0
"53",-0.00562588769766226,41.9856117539021,0
"54",-4.55409898865565,38.4554571142448,0
"55",-0.478256758726906,43.2693390396012,0
"56",-1.92846163314683,40.1164186129599,0
"57",2.71664887732595,42.3760090896314,0
"58",1.39699264688426,43.5752270507632,0
"59",-4.66415277440561,36.718136875456,0
"60",-4.82547949764173,38.0471204827495,0
"61",-2.73783753671435,38.236573798078,0
"62",-2.75323347030063,42.0302039045112,0
"63",4.98270377941386,43.5217584583208,0
"64",-1.8597239205557,37.738970127908,0
"65",3.28998695026787,44.4125930913333,0
"66",0.289638834278492,42.283865793909,0
"67",-0.09837398551461,38.8648287648408,0
"68",6.18362452602706,43.6873512666962,0
"69",2.17584855950556,43.7710292157109,0
"70",-0.229335700306187,41.5691565365182,0
"71",-4.24931687526823,35.1292808503454,0
"72",-0.718302174241057,38.8944591010311,0
"73",6.12225124288337,43.2506349320763,0
"74",0.553547662863499,42.3129303378529,0
"75",4.28222347676439,44.352373162896,0
"76",-4.03682751786327,36.9593918800214,0
"77",0.0201302775482501,41.7037166635656,0
"78",-1.06313100583423,42.4878265499758,0
"79",-0.454879885682979,39.3853012525637,0
"80",5.18059566784657,43.7676886743424,0
"81",-3.83623598069758,38.3334112593851,0
"82",-3.18402546066701,37.8809632932841,0
"83",-0.456402542976367,41.028038334552,0
"84",1.72750963991841,44.0700653593702,0
"85",5.62418903544225,44.0645891691764,0
"86",-0.484392981107513,40.3436934795749,0
"87",-2.3824342380037,36.939952841446,0
"88",5.77293020211237,44.5534737821073,0
"89",-1.03536590634465,42.2811345209499,0
"90",-2.59762917348459,39.1448006004631,0
"91",-5.89868834904471,36.5612569263916,0
"92",0.376248898533283,40.7593869190694,0
"93",-3.09088157414894,37.8998936391291,0
"94",-1.42600330696057,42.3313198528743,0
"95",3.0169149494893,43.9289505701131,0
"96",1.29130844961116,41.3249522830278,0
"97",-1.43649742102545,38.9692243621903,0
"98",-6.09377486228626,37.536047678215,0
"99",-6.51121135167967,36.9681068200322,0
"100",2.41152136116139,42.7242821659938,0
"101",-5.77699605231262,36.6030153452713,0
"102",-2.52523674611158,39.4750357303184,0
"103",-2.47526370745206,41.033277573728,0
"104",-5.46726487690853,34.9386555175299,0
"105",5.11228359303796,44.5573881223477,0
"106",-2.77805552456461,39.0014115622042,0
"107",3.23364098095303,43.7588412553647,0
"108",-0.106787271209356,40.2610342667323,0
"109",-1.60164633431321,37.6205155143266,0
"110",2.20416272357248,41.5466489261177,0
"111",2.90333288764262,43.8139490137736,0
"112",4.56061509651184,43.9812014324436,0
"113",-0.571144239949302,38.4068308704065,0
"114",3.89160158417969,43.6926995043168,0
"115",-1.33941843398137,42.5201981743815,0
"116",-1.05917467367348,43.0767795068934,0
"117",-0.881318979448651,40.1976574611074,0
"118",-2.99559579175023,40.4348798207966,0
"119",3.9817547580069,43.6166772935989,0
"120",2.56561977350684,44.4442337996253,0
"121",4.71475015408548,44.7296901505653,0
"122",-3.56057583858495,37.5933561683427,0
"123",1.85163095371205,44.0589574821292,0
"124",2.57026380152098,41.7405064086309,0
"125",5.77511417002029,43.439565761611,0
"126",4.00088931770798,43.5587252883712,0
"127",5.77597081167445,44.5763611748458,0
"128",-3.49905848050223,40.1275882462995,0
"129",-0.690974928734327,38.4482090954579,0
"130",0.494785368249064,41.4249133558993,0
"131",1.18968717776082,42.9110876851074,0
"132",-3.8293996607605,38.9910360982508,0
"133",-1.62840418413947,41.2434818378865,0
"134",-2.72720354344572,40.4629545398334,0
"135",-0.738460537197722,40.3017964302964,0
"136",0.373776605362856,42.5188712923879,0
"137",-5.43031421335516,34.9259624121044,0
"138",-1.10025148536497,42.8910167508033,0
"139",0.332984914795182,42.1652512407735,0
"140",-3.33511421880283,38.3945336186903,0
"141",-1.5786661977209,37.5946857006131,0
"142",4.47687876690378,44.1504977166693,0
"143",-1.2890918776419,42.8319918461153,0
"144",0.339964689080231,41.412522237889,0
"145",6.68064774259524,44.0644731474983,0
"146",4.91503662689363,44.3289238928816,0
"147",-4.92478673379032,37.8023085300924,0
"148",-2.77510505922838,38.545889028608,0
"149",-0.40985388200083,43.375402051613,0
"150",4.42379213852135,44.1071873189548,0
"151",4.02344402900276,44.1340390886943,0
"152",-1.75829868465549,41.3930243050489,0
"153",0.0867288262085646,40.8452225188563,0
"154",-1.45485015402422,38.5062261882287,0
"155",-2.73399557206788,37.9766115265788,0
"156",5.32837726243696,44.6815430209736,0
"157",-0.00974824483380932,41.9782670930049,0
"158",0.841263616234663,41.2475440379984,0
"159",3.01804795653672,43.3996932076197,0
"160",-1.94889583534347,42.3499275182221,0
"161",1.14855123453314,43.3906454602646,0
"162",-3.56766412186966,37.702966275926,0
"163",7.19776889543732,43.7185434528399,0
"164",-2.06983537871582,37.5622655505694,0
"165",3.21647864618465,41.948088363403,0
"166",-0.374661831886174,40.1270965130156,0
"167",2.30093681827069,42.2296171854883,0
"168",-4.33014996517145,38.2761783625906,0
"169",-3.03394321355622,37.7009563478618,0
"170",-2.08727059817102,42.1981577375297,0
"171",-1.058004579564,38.8852019957591,0
"172",5.33376030648784,43.8938140979262,0
"173",-5.61064596139739,37.380420645174,0
"174",-1.22329747335302,42.148337360342,0
"175",-1.14178881947729,39.8090308008683,0
"176",-1.64820003421842,37.6892079777662,0
"177",-6.0547285436326,37.9118867506614,0
"178",4.83825162556468,44.3301482463606,0
"179",3.90059863696009,44.4803070330637,0
"180",-2.56535206661291,37.4343122566627,0
"181",5.91042717597046,43.4308753715326,0
"182",0.316400073746199,42.4501181376101,0
"183",1.97982932486643,43.4386448717978,0
"184",-3.50073689266334,37.5793600706115,0
"185",-3.67740008404458,37.7288029268887,0
"186",-1.82970056773244,38.2256479716037,0
"187",-2.38799374914931,39.8272371306185,0
"188",3.0938997541609,43.1645573503952,0
"189",-1.42576947229233,38.691024071535,0
"190",-1.07782496997248,39.7030419989312,0
"191",1.74967004653418,42.257823316407,0
"192",-2.0664779371753,39.1588625598971,0
"193",0.273279820923822,41.5184709160306,0
"194",-5.34970855321559,36.8860942956474,0
"195",-1.44754231303868,41.0253386998532,0
"196",-4.11602039568402,38.0870580080436,0
"197",-3.17572095042135,40.3412568406754,0
"198",-0.378598173594327,38.9534680273398,0
"199",-0.731746757014948,40.8075786593287,0
"200",-4.743370114982,38.6168737071362,0
"201",1.73615449714765,43.0326581268087,0
"202",1.67638852126855,44.1512769143166,0
"203",-0.0118753106115186,42.6361139832183,0
"204",-0.299367615102674,39.9951665973642,0
"205",-1.90375134935842,39.3572054057064,0
"206",-5.02641092983881,34.9748398231382,0
"207",6.10519552835922,43.3882901476654,0
"208",2.875108800346,43.8656297155508,0
"209",-3.79405524204679,37.2879525696561,0
"210",-1.83101037240678,40.7115591641035,0
"211",-5.36439005494076,36.9556170629047,0
"212",-0.235146088765047,40.5194933361134,0
"213",-3.20329107638574,39.1451652343768,0
"214",2.17542802136271,44.503416986282,0
"215",-1.08392608848424,40.3204628062492,0
"216",-1.03054356969924,40.1880006964217,0
"217",-3.36285624512112,38.8757333519039,0
"218",-2.96198357762694,40.3815298561379,0
"219",-3.7838703003825,37.6841580845926,0
"220",-1.84322047474758,38.028277979631,0
"221",-4.09410331473254,38.5511099390278,0
"222",-3.33530894948804,39.8075851423037,0
"223",-1.9877490354996,41.0930100744188,0
"224",1.24878308729483,41.6513401339445,0
"225",5.86303581640321,44.613511076252,0
"226",5.60964106535346,44.2753197108842,0
"227",5.46518216257639,44.2647336754662,0
"228",-3.49388850155537,39.7801059730068,0
"229",-2.82441727969888,38.6776698057457,0
"230",-2.55150137443856,41.9692266083381,0
"231",-1.31639798932444,39.656608384869,0
"232",-4.47056739001827,37.5050744839768,0
"233",-0.715618104367632,42.6155022459881,0
"234",0.29894677620327,41.6263518458786,0
"235",-5.17444265973139,37.6992438645454,0
"236",-1.53765031188325,41.0677764148943,0
"237",2.65866170433204,41.8417585150154,0
"238",-0.50151871112103,39.5248780931793,0
"239",-1.04321192120879,37.9270518482838,0
"240",3.00220144685064,42.5284452196506,0
"241",-3.87853250342924,36.9414133415606,0
"242",-3.68827428990382,37.2416961103232,0
"243",1.19948277272912,42.6879562356388,0
"244",1.64531956692833,42.1689781413509,0
"245",-2.6731911078597,41.6034985812657,0
"246",-2.93862941012155,38.5095353261421,0
"247",0.195379981700166,41.988621212931,0
"248",1.85294649885381,43.0131418047675,0
"249",-1.53477914054746,41.5204869583298,0
"250",3.45552577013268,43.8754535848371,0
"251",-0.71663572532195,38.4556317744591,0
"252",-0.777941111080576,40.6372734751773,0
"253",2.59102366225493,43.7387680427524,0
"254",-3.85044468646438,37.8696933399939,0
"255",-1.16034836107771,39.8302929973886,0
"256",1.81781931062441,43.4473139875931,0
"257",-5.5668543841839,35.6140893120144,0
"258",2.29570663524438,43.3951539576873,0
"259",-1.97951220340846,41.1049341253178,0
"260",-0.325799863728838,42.912593921095,0
"261",6.5506690609241,44.2025603093818,0
"262",6.76076181028709,43.7048646653083,0
"263",-1.9869477276341,39.7686007355833,0
"264",2.76076609621287,42.1634471834199,0
"265",1.788464283793,42.047690735261,0
"266",-3.320506675344,38.4347160156101,0
"267",0.711132805431679,43.5682141231508,0
"268",-0.734050886869007,41.1667354274141,0
"269",5.84486522013824,43.7714271594192,0
"270",2.13348086104906,42.4297245995272,0
"271",-5.58544610208224,35.2725321323318,0
"272",-2.04084333357821,41.7821038534186,0
"273",2.21553756429608,44.0409558141915,0
"274",-2.36666037794626,37.5431311543355,0
"275",-2.60632557350051,40.8766649608723,0
"276",-4.16998422954539,37.4910182784332,0
"277",0.227354547051938,41.2536798611598,0
"278",-1.79204986058703,37.2750749514962,0
"279",-2.13868259190321,37.0093422463108,0
"280",1.19973664506884,42.9123901659562,0
"281",-1.62727058348319,38.7695945024545,0
"282",-0.240006251110794,41.2478568566763,0
"283",-4.92748926962089,36.9742556783707,0
"284",1.96097980534251,42.2842307439961,0
"285",-3.70547776581287,36.9741961471097,0
"286",3.08589606194583,43.0936157969849,0
"287",-3.02336957614203,39.2957798059165,0
"288",-3.09985975286611,40.0818429091173,0
"289",-0.992470772933296,42.9275478172307,0
"290",2.16908186381565,41.634583772946,0
"291",-1.49672269837991,41.7071187518004,0
"292",1.33784061433165,41.1618053662727,0
"293",-5.87749008456516,37.7916841935253,0
"294",0.240176835502107,40.6329195679344,0
"295",-2.34556285158688,37.5176438563486,0
"296",0.253116368445819,41.5893556605256,0
"297",2.61618669758468,43.9956564372234,0
"298",-0.619541085217215,42.759492390269,0
"299",-4.86877251762185,37.5194167148299,0
"300",6.60175952439871,44.1651329704927,0
"301",3.87496383436912,44.1167189068835,0
"302",-1.68317745088749,39.5200787092815,0
"303",-1.52697814889097,37.972454981263,0
"304",-3.4208208171326,39.4075463669979,0
"305",-6.05019557106518,37.308129082618,0
"306",-0.285699427294881,38.5297425358185,0
"307",-5.33387989901391,38.3132157667219,0
"308",-1.95643501176908,37.0223528339713,0
"309",-6.00110214267501,36.6356754941511,0
"310",-0.676415066231864,41.0933696123618,0
"311",2.68616359226083,43.9490155087472,0
"312",6.63673124781926,43.5402952543375,0
"313",5.2391642975735,44.6608613768814,0
"314",2.36210232145278,44.2488096013434,0
"315",0.403620904171013,42.1952497538791,0
"316",-1.80567788198686,42.6842253968431,0
"317",-4.55119796823845,37.4328684974631,0
"318",1.03622132984676,42.6179987369716,0
"319",-1.80636493363974,38.0764846567572,0
"320",-2.43563636715368,40.3346486289258,0
"321",-2.49470323032735,38.1850762257768,0
"322",-4.2349387548846,38.8733882614687,0
"323",-2.7603024747888,37.2582740147021,0
"324",3.93715456411894,43.7079607442166,0
"325",-5.66750544621408,37.5114035425379,0
"326",-5.63017813109947,37.1953699045395,0
"327",1.64860411262744,41.5431636842866,0
"328",-4.4690260778922,38.2132093299461,0
"329",2.31235291480939,44.1159201948299,0
"330",-1.00306270429298,41.6830615478141,0
"331",0.984825542310743,42.9375394746102,0
"332",-0.352699525360388,38.9007536571732,0
"333",-5.39909754822169,36.7909388975937,0
"334",2.0130113614486,43.6206883177961,0
"335",0.928481161574133,42.0922506222375,0
"336",-3.34072723569165,40.2244474491755,0
"337",-0.991524752673801,39.6268393764334,0
"338",-3.98346349201763,38.7386243653338,0
"339",3.72030491023929,44.5431317744111,0
"340",6.48685084120878,44.4575246494059,0
"341",-1.15516757237877,40.5586965929262,0
"342",-0.749493334430614,39.1076373570056,0
"343",6.76491210751255,44.0375866544833,0
"344",2.42391086828616,44.1573187084475,0
"345",-0.46095754652681,43.6288930167568,0
"346",-2.79217830545028,40.8052565984038,0
"347",-0.751553801342622,37.9194826252502,0
"348",-1.44549107404607,39.2456585479205,0
"349",0.976907677166242,42.6882786952797,0
"350",-4.67601925816858,36.5405201193455,0
"351",1.59550573348799,42.789993458622,0
"352",-4.56169608241752,37.9827412076075,0
"353",-1.87443972342866,40.3118202629659,0
"354",-1.96221476866214,42.0607740102495,0
"355",-2.46997656495832,42.2178306607062,0
"356",-4.62008442369276,36.7341129786966,0
"357",-4.25925500044345,37.362800744957,0
"358",-0.505280434016564,39.5527130202875,0
"359",-2.28376107729085,40.9718970402674,0
"360",-3.71441884734966,36.948354188619,0
"361",-1.76991308365084,38.6210046982042,0
"362",-1.363300940346,39.4918266007103,0
"363",0.0954013941782419,41.5214011922286,0
"364",-5.10052039442156,36.9380938582685,0
"365",-4.76513265863846,38.5676790951686,0
"366",-3.29736739086974,39.2287686966652,0
"367",-1.18741132922594,39.0657498533731,0
"368",3.31029549963651,42.3229494116483,0
"369",-3.13335828414897,37.6527816832893,0
"370",-2.53043064479689,37.4015981653512,0
"371",-0.0767157416314213,40.5924558790063,0
"372",4.8245316116569,44.5529107494037,0
"373",2.45645355778126,43.2644730454137,0
"374",0.426050229087211,40.7702762507673,0
"375",-5.2231169193264,38.4820608390009,0
"376",-1.78244374826205,39.7898583499146,0
"377",-5.4580092771187,37.3468957667759,0
"378",0.0922975956285752,41.4458940000333,0
"379",5.83022696079417,43.720558748877,0
"380",-5.13107287870678,37.355145922633,0
"381",-5.51938617925271,38.0981598896146,0
"382",0.122050546129294,43.6164449456934,0
"383",-1.95387411910493,41.9527949992374,0
"384",-2.51284145467329,37.2461959060037,0
"385",-2.70711185018308,37.4885703107628,0
"386",-4.77589199106678,35.2151729940199,0
"387",-0.511730365183589,43.5024888956463,0
"388",-6.03829146396853,35.3407657166204,0
"389",-3.0926411420837,37.2674877739999,0
"390",-2.82997228144089,40.1627158819057,0
"391",-2.8323471350676,37.7699196277419,0
"392",-0.700601523937426,42.7506016067187,0
"393",-5.75077526672114,36.4652372242589,0
"394",-1.217002413386,37.9249171293801,0
"395",0.406961900048147,42.2270213207495,0
"396",2.93097594317619,43.3885345915272,0
"397",-2.11137718175841,37.0346516014599,0
"398",-0.258419076887346,41.5872241405525,0
"399",-2.94254662480816,39.9721970065239,0
"400",6.16760749208031,44.0772538515458,0
"401",-2.08140266675421,41.9530337729017,0
"402",-2.62945805508243,36.869379571892,0
"403",-1.09711916323548,40.2863856473668,0
"404",-1.29052966573355,40.764203092703,0
"405",-0.76138394704425,40.0785521999267,0
"406",-0.506479861172481,38.9276594414133,0
"407",-2.37825738352774,39.0701494848649,0
"408",-3.67332147520616,39.0834327464846,0
"409",-0.523665461360466,40.6075771982409,0
"410",1.02554226277881,41.9778599570208,0
"411",4.31139206657061,43.5287342681095,0
"412",-4.48850254617287,38.3660278530583,0
"413",0.48635227085893,43.5475490339892,0
"414",1.55234232260395,41.8670759604831,0
"415",2.02453331261103,44.0671650243254,0
"416",-1.89713042848743,42.3504642178686,0
"417",0.193355542798056,42.6539074091451,0
"418",2.1312888119661,41.8019576858831,0
"419",-5.83271018908879,37.531867568684,0
"420",-0.656571595906541,38.4321976435696,0
"421",-1.22101593099028,42.2774871054279,0
"422",2.49839499111861,44.5978010212786,0
"423",-4.67355955557678,37.5388666869595,0
"424",-1.0579781707157,42.2633791613669,0
"425",1.75356915952363,44.0477504031684,0
"426",1.20689527100235,42.272658598708,0
"427",-2.98729702534476,36.8944605080546,0
"428",-4.25226013972437,38.5770040777486,0
"429",-3.66090471266593,38.0000651765243,0
"430",-3.70462761675552,37.6643399750693,0
"431",-1.31428942660443,41.1955462840749,0
"432",-2.88808076987085,37.7581378664837,0
"433",-2.36096941279525,41.310288313223,0
"434",-1.66892645723564,42.5954019633558,0
"435",6.79830621422936,43.888213970096,0
"436",-0.737619319255351,38.4371015878608,0
"437",-5.07588482777443,36.549323611148,0
"438",-5.27426698652605,36.7329306390789,0
"439",4.74033488442079,43.9789680093282,0
"440",-3.94545028885839,37.644832426839,0
"441",-1.9483942561014,38.9779356801561,0
"442",1.51480866095821,41.3115887156969,0
"443",-5.82855180056997,36.7554028775836,0
"444",6.14025528127408,43.4521523421835,0
"445",-6.13438846682599,37.8152475347071,0
"446",-1.4593769847637,39.6442807107652,0
"447",-0.839153374450768,39.7100403988422,0
"448",-3.15082398002221,36.8818725070267,0
"449",5.75744812778721,44.7553052593123,0
"450",5.14363438004388,44.8197650540476,0
"451",-5.90501330531202,36.7506768273094,0
"452",0.727599579029393,42.9747407448899,0
"453",-1.54531245640592,37.6341272475309,0
"454",-2.351443211689,40.5197440569465,0
"455",5.42940423401733,44.1461690010046,0
"456",1.00652150396539,43.2628614307017,0
"457",2.91979640988277,43.3099380158597,0
"458",0.628156123140706,41.1872027175853,0
"459",-2.13773169123459,41.3154854362463,0
"460",-1.61767751031626,41.2049608692581,0
"461",0.91552964515175,41.5572380442261,0
"462",4.1630390391421,43.7054051776338,0
"463",-0.985576468204397,42.1477354987587,0
"464",-4.49100672220958,37.174984542793,0
"465",-4.57813146557448,37.3262049513311,0
"466",-0.973986994035212,40.5221194256315,0
"467",2.33927606109109,43.6309799702336,0
"468",-3.10263328229154,36.9929962132525,0
"469",5.08770691171426,44.0851115897542,0
"470",2.78591278031701,43.8230416647217,0
"471",-2.28888984764149,37.3014395840898,0
"472",3.09046730542022,43.8964024163505,0
"473",5.73414226520203,44.4523969682839,0
"474",-4.57669855789197,38.0266058758386,0
"475",-1.73614890903458,41.7871399023833,0
"476",-3.18735523194042,37.1771460713386,0
"477",-2.25746221189886,41.8200366512355,0
"478",0.839201078437234,41.9943219164402,0
"479",-1.63310229126901,38.9599258661045,0
"480",-0.825110585730487,40.3245209867747,0
"481",3.56885704235832,43.8296574576577,0
"482",-2.04054343968867,41.0895795980001,0
"483",1.78060349953593,42.924703379778,0
"484",-3.17160554120698,40.5271092644632,0
"485",-2.26837928576089,37.8754154270521,0
"486",-5.2621862133408,35.1433897754737,0
"487",-2.47147248624399,38.9109247173675,0
"488",2.43298197039789,41.8874982935907,0
"489",2.84759596100847,43.7658791304509,0
"490",-0.501077767673935,42.7318762109618,0
"491",2.24027506977218,44.1346368841951,0
"492",0.324004698920362,42.3191142658627,0
"493",-1.99965348999234,40.4315988176635,0
"494",0.552752888068131,41.3345396988044,0
"495",-1.79515648552429,41.3813776311879,0
"496",-5.85397630373452,36.4272684361483,0
"497",-3.57786178227812,36.9304813729537,0
"498",-1.89719700037091,40.767060883831,0
"499",0.525859351400629,41.5674855672303,0
"500",-0.53352538868795,38.8749656945847,0
"501",3.59639431746927,44.1762718931689,0
"502",3.49783735568892,44.4607130393143,0
"503",-5.25273600091298,37.3194368558228,0
"504",-2.29505516022855,42.6392152999104,0
"505",6.38157963042958,43.159396273461,0
"506",0.383588770787312,41.9747385540204,0
"507",-1.67212459911922,38.1452571562308,0
"508",5.92294848112395,44.1855496357277,0
"509",6.58729042334039,43.629391122329,0
"510",-1.67273831646961,39.1798112937687,0
"511",-3.5250084219373,37.3351748805155,0
"512",-2.38068066686744,41.090752661649,0
"513",-5.00307339687234,36.7903310240668,0
"514",3.15654871958836,44.291748148952,0
"515",-3.40521111690456,40.1124779164143,0
"516",-2.98204465956044,37.3659873331422,0
"517",-1.48430807080787,37.6070144766741,0
"518",-1.13590790286687,40.8745820595293,0
"519",1.47523257676041,41.9678755716289,0
"520",2.97008921146442,41.8589680221977,0
"521",-0.332405789230795,40.3998457074136,0
"522",-5.6117719665586,36.0431958115963,0
"523",-4.09794512760401,37.8688316978155,0
"524",1.59727211106064,43.873251100216,0
"525",1.30094204332769,41.3994628200412,0
"526",0.390067036658619,40.6712398734135,0
"527",2.75869291730224,43.4732527741784,0
"528",0.144507669478143,40.3801260115014,0
"529",2.029794629747,41.306870853383,0
"530",1.64035181635119,43.6478372974782,0
"531",0.941802584002641,41.9438959370593,0
"532",6.11798868950238,43.3851846579497,0
"533",-1.67813058506712,41.3826443333002,0
"534",1.4255777731548,41.5756702751998,0
"535",1.716267878879,41.4066718588361,0
"536",4.60994080809257,43.8808985226882,0
"537",2.31033020276939,42.8079227251827,0
"538",-0.190851070536272,41.4948118882329,0
"539",-3.83284017381232,36.7560189134981,0
"540",-0.572599047076513,39.8896345125101,0
"541",-1.5904839482209,41.4592094415926,0
"542",6.78287467760316,43.6129525667134,0
"543",-2.22078278711687,39.398440320528,0
"544",-5.13359080893038,38.1910282894403,0
"545",1.28531610654849,43.1624662448182,0
"546",-2.96653000083127,39.5786620429857,0
"547",-0.262336375893395,40.3579902605061,0
"548",-2.59307477028856,41.1221927765359,0
"549",-0.79310413751244,41.4357885155909,0
"550",-0.407266523151163,42.0318519791274,0
"551",6.47726397732534,44.2600016434707,0
"552",-2.16352850519566,41.3574172436723,0
"553",1.27214464118308,41.2753142983532,0
"554",-3.16024335177201,40.6355298976048,0
"555",-1.21797228255562,39.9134652642943,0
"556",-2.5315072320213,42.428334334072,0
"557",-1.33361391415547,42.4655017226554,0
"558",-0.655685607714838,42.7332227654485,0
"559",-3.90346750526815,37.125020185832,0
"560",1.15839594051549,41.7380984299175,0
"561",-2.59111096718142,41.465235831571,0
"562",-3.91319643728798,37.9306621018108,0
"563",0.886848998447931,42.9008724048126,0
"564",1.57366044885243,42.5906872279036,0
"565",1.06416064678843,42.0764975955833,0
"566",-0.853959800483982,39.1724655960088,0
"567",-2.77386915548315,40.503360104007,0
"568",-4.16572390557037,38.4014548420765,0
"569",-1.94437675187404,38.1580425377843,0
"570",5.68794763456864,43.9265994072894,0
"571",2.24798783294048,44.2215392761817,0
"572",1.05741614734764,41.6252774073979,0
"573",-2.23991317469211,39.9588342970457,0
"574",2.58969878463767,44.0567944099136,0
"575",-3.62526921313045,39.4136279036566,0
"576",-3.03316718128576,40.6814501739778,0
"577",-2.13234732168212,41.4017102617258,0
"578",-1.44974543495037,39.0223931618327,0
"579",2.72119269674601,42.1345144465745,0
"580",1.76963911235029,43.0744608866788,0
"581",-5.77793265240439,36.1788295099723,0
"582",-2.15039927037808,37.7679834540908,0
"583",-1.14691836893954,42.6807129734013,0
"584",-3.6028064538703,36.9705227333023,0
"585",5.26693853391749,43.4192746544009,0
"586",2.34441951651522,43.4088923462239,0
"587",0.965732852270294,42.5189777335479,0
"588",-1.68575681288156,38.4863242811382,0
"589",-1.57902695675428,42.4737072585456,0
"590",-5.51921945273959,36.4331379762373,0
"591",-0.571597686282812,42.571615968702,0
"592",-0.507369276106185,41.5459513151489,0
"593",0.108237301904198,42.774148176763,0
"594",0.892596771291387,42.7094839317725,0
"595",6.16036305256735,43.3526378037527,0
"596",0.79073499341879,42.488647552252,0
"597",4.46652008334905,43.8459279717766,0
"598",3.15692715872171,44.5890130870658,0
"599",-0.859709691431747,41.4202300541246,0
"600",-5.32705242924515,35.0927558353832,0
"601",-0.281307882036109,38.9238680716908,0
"602",0.973478951971993,43.0425002434832,0
"603",5.01831581453585,44.1723954239889,0
"604",-3.09395183379855,40.6815915825177,0
"605",5.12955480781153,44.1806581663359,0
"606",-5.24334526067188,36.4488982539557,0
"607",-3.0827170982548,37.6488513019,0
"608",-5.14212227000527,37.7944043074242,0
"609",-1.08944834055614,42.3139151644311,0
"610",2.60583016586203,44.218533887885,0
"611",-0.779599360777434,42.0319857902072,0
"612",-3.09957454742286,37.3191534598668,0
"613",-0.0141900748332242,42.0294896153971,0
"614",5.70042468888054,43.2820963189216,0
"615",0.231259336426016,40.2979844209622,0
"616",3.09908114321425,43.4730894008885,0
"617",-1.21456815165534,39.4133543625455,0
"618",-0.853537383704024,40.6251616428692,0
"619",2.85850405990941,43.039800032233,0
"620",-0.665920055008149,40.3621398755805,0
"621",-4.72148811428992,38.6197250376334,0
"622",-1.4787082279882,37.5923479309863,0
"623",-2.67730874310727,41.5706251664732,0
"624",0.730145968750038,41.9819453400801,0
"625",-2.66040692167763,40.6417411095166,0
"626",-2.65435237110564,39.3176067671196,0
"627",-2.33277681037715,37.2703098189387,0
"628",-3.80212315531938,37.9830396473714,0
"629",0.0282438346195644,41.8530842101358,0
"630",-2.52303976602782,38.382265006237,0
"631",-3.94448274015973,39.0455432667442,0
"632",-1.72944525055726,40.1264405206915,0
"633",5.96707765988009,44.3867638634704,0
"634",-2.21668897042444,39.7643110092098,0
"635",2.20125398286745,44.2545562429836,0
"636",-0.876290050059352,38.5993988189055,0
"637",2.18593474287011,41.9170373719171,0
"638",-1.24968919131124,41.5178450833912,0
"639",-3.10026576108324,39.1202408505286,0
"640",-1.56568427570881,41.8755500252065,0
"641",-3.5125185780529,36.9699010132416,0
"642",-5.02901625884732,37.8492467917257,0
"643",2.76816435799202,43.7743633685175,0
"644",-3.09617166445027,37.2095653333071,0
"645",2.77546982116938,41.9982244350513,0
"646",0.550614574077259,42.5544844145291,0
"647",-0.806436177444708,39.911263114445,0
"648",-2.34963996628484,39.6239246508507,0
"649",-0.329128120625128,38.9710849866796,0
"650",-2.31861859171766,37.6508835969053,0
"651",-5.72943068777826,36.1951239649248,0
"652",-1.43032059040302,39.316594187029,0
"653",-1.8267513064778,40.9881883892815,0
"654",-0.283777932309459,42.1282207157378,0
"655",-3.82822377559195,37.2128933044593,0
"656",-1.46663284787426,38.7241205675636,0
"657",-4.43087629410567,38.4694618346748,0
"658",-1.51094008904892,40.7072706652265,0
"659",-3.61682582539598,38.4229794717935,0
"660",5.46396156449573,44.1971244219934,0
"661",-2.19723060384092,38.0412245328849,0
"662",2.14136912669769,41.8551311444331,0
"663",-0.807985317787496,38.5737986470254,0
"664",-2.07060025721089,40.4279356980891,0
"665",-0.328025185262428,42.5900098892273,0
"666",-1.61407957287182,37.8726576675989,0
"667",-5.50286070246156,36.3902530572119,0
"668",-0.652882421456324,38.364915441226,0
"669",-5.80680526411582,35.1481903147991,0
"670",-0.51788603162683,39.0636607587517,0
"671",-5.28515434621777,36.985857753188,0
"672",-2.66058405658231,38.3347818151503,0
"673",-5.5560631992443,35.1565604909975,0
"674",-1.4049774285149,42.3316236327135,0
"675",-2.35321847315775,42.0652715671436,0
"676",0.405987275262166,41.003884100213,0
"677",-4.82644243238069,37.5792519067716,0
"678",-2.91893903354245,37.5108875917688,0
"679",-2.0873283333773,41.9902863539347,0
"680",3.00762562192387,42.3329440006058,0
"681",-1.1884541650653,38.7141340340526,0
"682",-0.699208924319533,40.8136415743057,0
"683",4.62876813474015,43.8360345629472,0
"684",-3.07446060287049,38.3118969680724,0
"685",4.15330842747905,43.9389223201942,0
"686",-2.57430242666076,37.0377809715642,0
"687",1.40637561287309,41.8458274547347,0
"688",-2.96830411218287,38.8948573911351,0
"689",-2.78197875965916,38.3374479354718,0
"690",2.22600371128943,41.5967609220938,0
"691",-0.590221681662401,41.0433604401504,0
"692",3.12207369500076,44.3284341287069,0
"693",-0.746166338953131,42.3717487790053,0
"694",-1.91761780589508,39.5193048261367,0
"695",0.755498456368117,42.8076520552048,0
"696",5.74929529809398,44.6381569834299,0
"697",-5.3224506216605,35.1667434169924,0
"698",0.232897002061424,41.3017332709199,0
"699",-5.76617955130465,38.0538118643691,0
"700",2.68461836771279,43.0471858561133,0
"701",-0.485342542783447,42.577133510188,0
"702",-1.02285012580081,39.2867297779285,0
"703",-4.42129930571492,38.4091857808146,0
"704",-0.103602718246568,43.5721349681933,0
"705",-0.942246334180011,42.3448329213886,0
"706",-1.99772134377539,40.1711963189174,0
"707",2.30294188393849,41.6551901189552,0
"708",3.47884523512976,43.9494702171995,0
"709",1.63412966908947,41.5040461034828,0
"710",-4.32086606103234,37.6202147520833,0
"711",6.12429343945933,44.0541597674409,0
"712",-3.63318777306713,37.9657520128194,0
"713",-1.10173656654356,41.0514886019074,0
"714",-4.81412591216232,34.9814239847884,0
"715",-1.23982455895906,37.5896405593392,0
"716",2.24197823812059,44.4031007925955,0
"717",-0.0227309830580662,41.7308827700802,0
"718",4.82177867978403,44.139392526902,0
"719",-4.06114036366234,35.1948936084726,0
"720",-1.53628811110951,38.5828439486865,0
"721",3.2447349704892,44.1876464998447,0
"722",-5.59386783321199,37.9496335153219,0
"723",-1.97599244694787,37.5652536097757,0
"724",1.96320046907029,43.8800467911501,0
"725",-4.36820516952964,37.4443586934034,0
"726",6.06564055774895,43.4363773205569,0
"727",0.0464024743880778,40.0838354290477,0
"728",0.935282725038462,42.0639624187564,0
"729",-5.39106303556527,35.4832248820226,0
"730",-1.88885749755807,37.167414826901,0
"731",-1.65071575864549,37.6033918691376,0
"732",-6.49013497600837,37.0461132441551,0
"733",-2.05262608813825,37.6885917140209,0
"734",-5.52496999463342,37.4128454425013,0
"735",-1.09977292870252,39.1464797716602,0
"736",0.115409928237355,42.4727420788877,0
"737",5.43072962429678,44.3940698884468,0
"738",-1.7989991955546,40.7848232666475,0
"739",2.51353973372332,42.9707815033813,0
"740",-4.74027953772037,36.8328501514259,0
"741",1.47366484904049,42.9038201356405,0
"742",1.85184757372362,41.2782356519527,0
"743",5.91514461586098,43.3666038743129,0
"744",-1.23114970087342,38.9315471719449,0
"745",-1.61389646140531,41.4668387817378,0
"746",-2.47734073807467,39.9480191010286,0
"747",-1.95464142937263,38.3643557934373,0
"748",-3.33641803679701,38.3660457168538,0
"749",-2.86762008125204,37.6205724278581,0
"750",-2.25354034952477,40.0331347717265,0
"751",6.7904123463972,44.3529035623232,0
"752",-2.30504921617404,37.0244834240228,0
"753",4.34850936894489,44.0196673287853,0
"754",-1.35552755824662,41.0388358434587,0
"755",-5.48195513436424,35.097516002159,0
"756",-1.42707008614783,42.3947747114752,0
"757",0.736990123649396,42.1624183459735,0
"758",-2.33391787161739,39.3212116573234,0
"759",-5.95409274342088,37.8723392228949,0
"760",-2.98399714699886,38.7377303200346,0
"761",2.8708775868141,42.9742720643644,0
"762",-2.446261510254,39.5169381150225,0
"763",5.3242043001463,43.4274284564234,0
"764",-0.317869816111791,40.9575859129696,0
"765",-5.36553844522664,37.8350396877915,0
"766",-2.56826315477112,38.3965360050897,0
"767",0.278483514155174,42.1397011219277,0
"768",-3.20748016392591,37.9146523214567,0
"769",-2.61008306356021,41.6639195262224,0
"770",2.26468383061951,43.8025039167099,0
"771",-3.50902229949689,39.804194510704,0
"772",-0.803510613325203,40.8151273729396,0
"773",-3.0889291946394,38.0428336182099,0
"774",1.4099044151231,42.8496528697938,0
"775",-2.22645059814993,41.4539887636533,0
"776",-0.867961626820796,42.2993002642685,0
"777",-1.69163896055579,38.5089756597549,0
"778",1.35014526911856,42.6312126380582,0
"779",-3.64914358772838,37.6839071359287,0
"780",0.834815422048082,41.8225277416988,0
"781",-3.8545901336357,37.4905945386976,0
"782",-1.17126667612188,39.445655570957,0
"783",-3.71464742385769,37.9653346058504,0
"784",-2.51423630393382,40.4915354873083,0
"785",-0.394715466726821,43.627534091987,0
"786",-2.25876352391931,37.2607214337187,0
"787",-0.376030896262253,41.7028602242991,0
"788",2.29001588595113,42.9322389512708,0
"789",1.14610817997138,41.1427767509544,0
"790",-2.01626762024166,39.2806139248351,0
"791",1.10802169310132,41.1255805393272,0
"792",-0.781888825794661,41.2412719510888,0
"793",-4.35077627065958,38.1087997024033,0
"794",0.0830949012275592,43.399983071181,0
"795",0.875199660849832,41.7220116706469,0
"796",0.229012105329396,41.6247113431496,0
"797",-1.45972710605666,41.0977738516155,0
"798",-1.03744321690779,38.6423529659502,0
"799",4.70817347056497,44.6188066989041,0
"800",-5.99791038883213,37.7668543803868,0
"801",-2.82463680704471,39.4232891273167,0
"802",-6.10586492747369,37.8553860555974,0
"803",5.44719544002567,43.8866007675426,0
"804",2.07621195813712,43.9864380724885,0
"805",1.03549544403305,42.6739858176948,0
"806",-2.0979266494049,37.24523886781,0
"807",5.90260338771045,44.647072382007,0
"808",-1.27501833930861,39.8710996274825,0
"809",0.0360661186207896,41.7937806660411,0
"810",0.332279609670151,43.0310389983295,0
"811",2.2777395355135,41.9976087664559,0
"812",-0.222264011087071,42.3361402994981,0
"813",-1.356580370762,38.5125577389799,0
"814",-2.04171094013221,37.0299742976799,0
"815",0.894074665080996,41.869428439146,0
"816",0.276372003627571,43.6651826452944,0
"817",7.18330675241911,43.7374125121968,0
"818",-4.84109096183243,36.6706306990302,0
"819",-2.82745960600473,41.5171234920671,0
"820",0.127036415267484,42.0729050407906,0
"821",1.68313743904795,41.5983250480306,0
"822",-2.488029397322,38.4437897426521,0
"823",-4.81687231096506,38.2880239676216,0
"824",-1.4939947216882,37.8205049096806,0
"825",-0.37433122548418,40.0099172056468,0
"826",-1.12426365141734,42.0243437961528,0
"827",1.77177064705827,42.5940035587612,0
"828",-1.63206532068983,39.7834199000169,0
"829",-0.998327749568593,39.4975798308455,0
"830",-3.87519537950074,38.1355327699655,0
"831",6.2412999666822,43.7795382059677,0
"832",-0.403053583328085,40.4198679068474,0
"833",-3.1689949776477,37.8943894699168,0
"834",0.267507571833612,43.1621558020902,0
"835",-3.56991656053483,39.5074037210551,0
"836",-2.25580578350188,40.9764870081282,0
"837",-2.01099047128782,38.7866596276724,0
"838",-2.29927292986909,40.0612342313295,0
"839",1.99117278189483,43.5040165035588,0
"840",0.353934720242986,41.9389017996646,0
"841",1.97498402297861,43.1521213101935,0
"842",-2.48505336295908,40.692088412874,0
"843",0.183096622630769,42.4094169978313,0
"844",-3.23868221818699,40.27420333397,0
"845",-1.21863760677545,38.3968822567767,0
"846",-0.0224244751517384,38.7665086898815,0
"847",-2.51097020395518,41.1639561379493,0
"848",-0.435148448909869,42.0215684611799,0
"849",6.89676604001598,43.4866238599261,0
"850",-0.0851097384113002,40.886714673262,0
"851",-2.61754792420506,37.1353850974992,0
"852",-6.34019925584591,37.7286889487135,0
"853",-2.01412383560558,42.2000465921162,0
"854",-2.95372540934496,40.7527153006102,0
"855",-5.31869366787244,36.976421579873,0
"856",-1.3192986556,40.4845845366508,0
"857",2.78442642085572,42.6304092740714,0
"858",-1.20193236094035,40.3691512990446,0
"859",4.07358254287492,43.8184977768049,0
"860",-2.06722362119328,42.0098380641455,0
"861",-1.54954396336947,39.0125554715854,0
"862",-2.87663298608697,39.13326561717,0
"863",-3.8690641083576,37.8654658370046,0
"864",-3.61152352901266,38.9486378444361,0
"865",-3.21391893119921,39.2190507175603,0
"866",-1.93378826749303,39.9291468729636,0
"867",-1.7839539363968,37.4977683357858,0
"868",-0.41180709121365,38.3692404046568,0
"869",1.04874025719206,41.6068921118962,0
"870",-1.77362145595093,41.9647239136267,0
"871",0.810011415516823,41.5127596788335,0
"872",1.68101583042433,41.7966594222534,0
"873",-2.23706640540196,42.1448103534035,0
"874",-3.36927222253645,38.4321690647516,0
"875",-2.7064117526266,40.4978787364742,0
"876",2.43840672558886,42.442882017171,0
"877",6.50111758573183,43.6610413925406,0
"878",-0.123469794642034,42.1324907393958,0
"879",2.08641962894938,42.8965189834537,0
"880",-1.7125019642003,40.5592898155371,0
"881",-2.66303896982997,38.9252236557169,0
"882",-4.50331433492241,38.2489082885077,0
"883",-5.09602098773641,37.5389177024628,0
"884",-2.62899726958495,38.2149038309021,0
"885",-0.744737394284251,42.7207746664874,0
"886",-2.70277109220881,37.108312071495,0
"887",-1.91178862094688,41.2800390885836,0
"888",5.74538988138328,44.1938181087171,0
"889",2.79068723701218,44.1443188985792,0
"890",-2.41887588871326,41.6349967302397,0
"891",-3.21424872138904,39.7921685496884,0
"892",-0.636532609038838,38.8958199135419,0
"893",-2.20053490389821,41.5223601460609,0
"894",-3.53409356154924,39.1202984963734,0
"895",2.90724664185946,42.381129828888,0
"896",-0.168522783917441,40.5126581769785,0
"897",4.94753054265243,44.5553958093249,0
"898",3.22608647525341,43.6721100224373,0
"899",-0.659704160876018,42.1257872571704,0
"900",-3.81026255798514,39.0477653727128,0
"901",0.980403540870604,42.2651268887149,0
"902",2.02745393898419,43.9401523926916,0
"903",6.19654230455551,43.1896724844276,0
"904",-1.899743383346,40.9651718792429,0
"905",-2.61424808295971,39.3558261760967,0
"906",-3.84774655210853,39.2364426800253,0
"907",0.921688573070892,41.8261712190026,0
"908",1.8850451048459,42.0471480887653,0
"909",-1.92239735211159,41.095811502994,0
"910",-0.483981353842971,41.0119798960461,0
"911",-3.56067374019919,38.2643586861007,0
"912",-2.13186209029289,39.5649949585185,0
"913",2.60758169309509,43.8918691992849,0
"914",2.19632111692862,42.5103918899141,0
"915",-2.08661597240161,36.963776637416,0
"916",-4.23896867093338,36.9519713235665,0
"917",4.96127684061574,44.1914000310542,0
"918",-2.24667348234132,39.3386560836447,0
"919",-5.89020215401744,35.2884344183896,0
"920",-2.92127217940186,37.0145816319494,0
"921",-0.253883358878991,38.6587640656282,0
"922",0.536335900039981,41.0488990420376,0
"923",3.05064930200637,43.3289325588477,0
"924",0.670351078048918,41.0222328102712,0
"925",-3.10180585226384,37.2723185962248,0
"926",2.46779790859571,42.3940994279259,0
"927",1.5796578713181,41.8094686191011,0
"928",-2.08356261711313,39.3382267504302,0
"929",5.69732863760093,44.1524021172215,0
"930",3.34100108104074,43.440693933291,0
"931",-2.57097419337392,37.7202128567608,0
"932",0.431813847239645,43.3814552884302,0
"933",-1.06895369144007,39.3646948902809,0
"934",-1.94739097282449,40.2593317730995,0
"935",0.124548695012497,41.4406987624263,0
"936",-5.00070951826381,37.4269097476627,0
"937",4.18112186561662,43.4874035085853,0
"938",4.711698451458,43.7760190452434,0
"939",5.54897657815958,44.5057522869667,0
"940",-3.47972491680677,39.9887525090896,0
"941",-4.0585428999711,37.3330662389404,0
"942",-4.31495272191124,37.3184951380888,0
"943",-4.62052800802468,37.3868996303577,0
"944",5.68834520409631,43.6546747651437,0
"945",-1.00782180810469,39.2904781945688,0
"946",-2.46788042755084,39.1610943393758,0
"947",-4.79147254712392,37.3677006696617,0
"948",-2.88367055966106,41.3491281054985,0
"949",6.20167022833897,43.2613642010056,0
"950",0.834847422961571,42.2304012605747,0
"951",-6.16250521884954,36.5432779601669,0
"952",-1.49979777098309,42.3932385506081,0
"953",-2.43516488320578,38.9222245350923,0
"954",-2.00625383354744,37.494878639045,0
"955",-2.48618881527024,37.6732347805309,0
"956",-2.60602212133065,40.2446079767836,0
"957",1.52785038906199,41.5239734788032,0
"958",-2.66880040579532,39.4106887188089,0
"959",-5.85020555528623,37.7159310788928,0
"960",3.16319471706051,42.0507632569284,0
"961",-2.22559243874588,40.7534018083142,0
"962",5.53530874786621,43.3661082214092,0
"963",-2.75356037676564,41.1218112436205,0
"964",1.12850470613481,41.3956110844529,0
"965",3.26478932035869,44.3974273962363,0
"966",0.848009933602558,42.8951247077113,0
"967",2.67085813343261,43.2057297814546,0
"968",-2.12718112024613,39.3947457510025,0
"969",2.00946256874599,41.6968769547889,0
"970",2.47290980494021,42.9146095705023,0
"971",-5.62229183515293,36.0439028380221,0
"972",-1.63932536604457,40.6479029332881,0
"973",-2.31476439737976,38.5851973828439,0
"974",-1.61673682916364,41.2256771878049,0
"975",4.36392443629826,44.4651223443164,0
"976",5.88735269941702,43.8116197227077,0
"977",-2.48993560687952,41.5611090640652,0
"978",4.80259885066254,44.5927516488611,0
"979",1.53605184746208,44.0017439067824,0
"980",-3.66132573986153,38.1932742897463,0
"981",-3.55338822362831,39.2054926315376,0
"982",-1.34247684169064,37.8881576090941,0
"983",1.71082371335317,41.63594834699,0
"984",-5.0927848548864,37.7255932580475,0
"985",-3.45450734366387,39.7849772677478,0
"986",-0.307396441256123,43.0397201798586,0
"987",-4.05456618274278,38.3124295783884,0
"988",-1.2275450718383,41.0186802909315,0
"989",-0.655450309261136,40.7616264471205,0
"990",-0.774738773461713,39.0433222278608,0
"991",-2.24819759330184,39.3635807348454,0
"992",-2.49952177597078,37.8767994550576,0
"993",-5.46260211311504,37.2259062866682,0
"994",-0.492478864538947,39.5054377201662,0
"995",-5.40625432924587,38.0670343951288,0
"996",-4.64436720117988,37.8752457721413,0
"997",-1.52405528973907,42.5443943923594,0
"998",-2.27590847539214,41.8627199074459,0
"999",0.335442350880457,40.4061393940789,0
"1000",2.18251861837283,41.8577260025316,0
"1001",0.770600243277823,41.6437227084208,0
"1002",-2.23713481544921,38.7996351968074,0
"1003",-5.60365826783063,36.952334606769,0
"1004",3.5035680656507,44.2390965856954,0
"1005",1.04018140241782,42.7590160495137,0
"1006",-3.08426550670486,37.8340560166411,0
"1007",-0.236906496521422,40.9642378170891,0
"1008",-5.13187317473902,36.7711919526516,0
"1009",-3.50113934260014,39.0216471995862,0
"1010",-1.97086837824915,42.4352662515575,0
"1011",-0.63625120471589,41.8137845181203,0
"1012",-5.07334387159843,38.1145347944162,0
"1013",-2.34599528888897,40.4610749286684,0
"1014",0.656629344024581,43.5056956212854,0
"1015",-1.19379637489827,41.2761596599277,0
"1016",0.838944942963765,43.4412884275698,0
"1017",4.38534107126093,43.6616765104479,0
"1018",2.8053859399029,44.0532057910144,0
"1019",-1.81073875832521,40.0687949316309,0
"1020",-1.59394008397839,42.585882369092,0
"1021",-5.90045589697118,37.9204197770688,0
"1022",1.22831211170445,42.6899961653011,0
"1023",2.77014210078881,43.8280970769805,0
"1024",-1.90289217137554,36.9639064591318,0
"1025",5.49814593997709,43.9230187229469,0
"1026",-1.55597211988457,39.606687780723,0
"1027",6.59708114464512,43.5064952400127,0
"1028",-0.77790387898909,38.3681103452358,0
"1029",-5.62072502482851,37.990824435549,0
"1030",3.13504634187456,43.4468123064721,0
"1031",-1.84428136506521,42.0510642632762,0
"1032",2.64550087333428,44.0994834641856,0
"1033",4.48638459306079,43.6919256978906,0
"1034",-0.175955184951054,41.4516402604056,0
"1035",-1.24444344966205,41.1121032658232,0
"1036",6.13375709577851,43.2802631340963,0
"1037",-2.19710246190308,42.4011981129154,0
"1038",4.53081566239078,44.276651909705,0
"1039",-1.83810236911959,38.9400475348534,0
"1040",3.00257960604345,42.7676334802622,0
"1041",-0.956356392948727,39.5000225281848,0
"1042",-3.48863146110135,37.2913926847131,0
"1043",6.25311934286099,44.5564257533781,0
"1044",2.93863947053766,42.4101947448007,0
"1045",0.847017315048294,41.9651005830518,0
"1046",-0.069036109257099,38.576386997997,0
"1047",2.31091844215809,44.0794644939048,0
"1048",0.349872698724612,40.6180529124008,0
"1049",1.50116444348054,43.1709789547618,0
"1050",-0.807753989092983,40.6181156263187,0
"1051",1.10579249287354,43.4498487355544,0
"1052",5.06971143680576,43.6442897973907,0
"1053",-0.0306488380842334,40.6273784087625,0
"1054",1.03548798682187,42.3830212454088,0
"1055",6.40572991846858,44.1989379157272,0
"1056",-3.01429865616029,40.5453843038013,0
"1057",-2.72008460161298,42.0106956541901,0
"1058",6.03199830904148,43.2695568226085,0
"1059",4.45611459913289,44.2374261604117,0
"1060",-1.63430968155275,42.5957773076425,0
"1061",-1.50188476479061,41.0185712087939,0
"1062",-4.70085058419807,37.7910308538027,0
"1063",-1.35546944191648,42.3255560751025,0
"1064",2.58708026469612,44.0140566044976,0
"1065",-1.37596337937649,39.9127374703926,0
"1066",-1.22410569203974,40.8416680280827,0
"1067",-2.99388629607113,40.4093026063579,0
"1068",2.61827939475906,42.5959870607761,0
"1069",-1.17766581325885,39.2388325043428,0
"1070",-3.53736892992061,38.3851445761308,0
"1071",-1.29234748828233,39.9107759912479,0
"1072",-1.45844261070512,38.3789447162379,0
"1073",-5.34616889062184,37.8511081438787,0
"1074",-3.91006616918002,38.0550695625147,0
"1075",2.6729788887435,43.3565635564569,0
"1076",-0.382780994513793,40.8686980684574,0
"1077",-0.780805941594555,42.021605776612,0
"1078",4.33639812945993,44.5677717347398,0
"1079",-4.65682201202377,38.4590220317653,0
"1080",-2.82118919092334,41.1170292376341,0
"1081",-1.12227750365887,39.1123597643117,0
"1082",-3.02122535641765,38.0050695616558,0
"1083",-0.485277438058204,43.2839268092989,0
"1084",1.59386503909833,41.36076046554,0
"1085",1.31033060475449,41.2595835665712,0
"1086",5.24583575951623,44.6273433566557,0
"1087",-1.65471972117094,37.7911126752863,0
"1088",-1.34065337311222,40.4720101613003,0
"1089",-2.41663830038768,42.5638908931201,0
"1090",0.589664477993466,40.6350444994124,0
"1091",-2.54672578786291,37.9158602780918,0
"1092",-2.31962469126383,39.9862014107804,0
"1093",-3.25709287526757,38.5157508621897,0
"1094",6.56631135904726,43.964426289352,0
"1095",2.49300546121647,42.0981931146821,0
"1096",-4.83992279020616,35.1356021347613,0
"1097",-3.46153667416961,39.6882710021158,0
"1098",-1.21119204179103,39.6975257267882,0
"1099",-0.228277005666742,41.8765580463561,0
"1100",-5.93694233479395,37.4199403520088,0
"1101",2.66547753801823,43.2129239205795,0
"1102",-0.347600222967299,39.6630111490224,0
"1103",-3.50763384164985,37.2098943512206,0
"1104",-0.0355019277154378,42.9112189853987,0
"1105",-5.58531644576727,36.8155511509061,0
"1106",-1.02053438684639,39.6377242282337,0
"1107",-1.34819558503764,42.9632362211813,0
"1108",-2.5930668273974,38.6130052934026,0
"1109",-0.86034612781178,42.038305770408,0
"1110",-5.99960289583067,36.3100902772327,0
"1111",-2.68189311005915,39.9734280926358,0
"1112",6.23018345373749,43.7801047793482,0
"1113",-1.7387086043627,38.6122956074008,0
"1114",1.9575631884197,42.7431494189778,0
"1115",-2.75418412475649,41.6013828583371,0
"1116",-2.91958880588496,38.7835017949903,0
"1117",-6.07601370435321,37.3580458810595,0
"1118",0.988111143689231,42.0296174633541,0
"1119",0.924575370485121,43.1107447706251,0
"1120",-5.03958570052623,35.2848294863393,0
"1121",-2.13045732506633,39.609979731359,0
"1122",4.66949765489906,44.2407844121386,0
"1123",-1.60242483882963,41.0244473652757,0
"1124",-2.7437420762588,41.9685344420606,0
"1125",-1.06972329519651,40.2931152789898,0
"1126",-1.6391249319925,40.2517806905131,0
"1127",-1.43086897705207,38.6773931703202,0
"1128",-4.00841236609064,38.4614148829778,0
"1129",-1.41114875813713,38.6290032800251,0
"1130",2.597235357279,42.2966101287196,0
"1131",-3.54498599727119,37.160528661562,0
"1132",0.837658302525701,41.8600670989532,0
"1133",-0.892275973505881,38.8902004014943,0
"1134",0.392501092649847,42.4785688239811,0
"1135",5.43931459448767,44.8006292187599,0
"1136",-3.06606595851732,38.530923120209,0
"1137",0.129697617709051,41.7783302149776,0
"1138",-3.23147854206361,40.0230117094396,0
"1139",6.52101787386793,44.243498167698,0
"1140",6.71165384859841,44.3342718561753,0
"1141",5.40414089565571,43.647837513685,0
"1142",-6.29557019772758,36.8074072037286,0
"1143",-4.90538947856342,38.6175987205721,0
"1144",-0.893846092525094,41.3992306348719,0
"1145",-0.681128809558173,39.9020238683189,0
"1146",-1.29904023919701,42.0797942190758,0
"1147",-3.69164952959152,37.4529823058062,0
"1148",6.60394679762865,43.4043357230297,0
"1149",-0.832141359785022,42.479136222667,0
"1150",2.86193097729489,42.7042506673432,0
"1151",-2.21515612397004,41.2413042495934,0
"1152",-1.84899455188323,40.4221155531148,0
"1153",3.23806309369483,42.3130686148816,0
"1154",-6.6845212196818,37.2595444574243,0
"1155",-2.28025541566768,39.1320914469143,0
"1156",2.86155502052583,44.3303124263576,0
"1157",3.48239963338868,44.0865892771462,0
"1158",-0.71260521566432,42.2238084227553,0
"1159",1.31073563486613,43.5688232264992,0
"1160",5.26894438881525,44.3925686577627,0
"1161",-1.34070557021774,37.8073390692712,0
"1162",-3.67438181576106,39.2626999229387,0
"1163",-6.32943811898159,37.2191724796969,0
"1164",-6.440640028568,37.3573534637033,0
"1165",-0.39703629520258,40.2133996634732,0
"1166",-3.08359797331572,40.1353260222867,0
"1167",-1.04030263748656,40.5709814604104,0
"1168",1.991602261271,42.1098625762738,0
"1169",-2.09533427186222,39.4388485442776,0
"1170",-6.13910169749011,36.619175893827,0
"1171",-0.431245349297349,40.6792093324122,0
"1172",0.501622224457782,41.1748807578501,0
"1173",-1.00034278516687,38.0007623527547,0
"1174",-0.324145209412859,38.5129300098755,0
"1175",-3.31228974938602,39.616034834994,0
"1176",-5.388591801447,34.9123885848326,0
"1177",-1.74488512806237,39.7745937808952,0
"1178",-0.399165269972388,40.242877745912,0
"1179",-1.96523461203278,37.8915217193275,0
"1180",2.22348917070729,41.4855622804545,0
"1181",-1.84644922796029,41.288871740405,0
"1182",2.16491390672689,41.3645300355737,0
"1183",-1.01058241641929,40.315235193419,0
"1184",-0.409620785970874,40.1455443875967,0
"1185",-6.41104680606697,37.2799924958919,0
"1186",4.60586171357419,44.1544547263659,0
"1187",-5.88893247527773,36.9412284824303,0
"1188",-4.97256651591251,36.9819888977417,0
"1189",-0.565676414388887,41.7213766387574,0
"1190",-0.39271365578936,41.9383339546163,0
"1191",0.201152608541464,40.5201496422862,0
"1192",0.777514099998237,40.7368530035094,0
"1193",-1.35578499223945,41.5533064399898,0
"1194",2.72469593671489,44.5351843150344,0
"1195",-3.39672258116968,38.5405619606544,0
"1196",-1.4071193446322,39.6329118045093,0
"1197",-1.96257785828482,38.7215219595559,0
"1198",-4.14051008295612,36.9893183172226,0
"1199",-1.80699217245536,41.2165232201462,0
"1200",3.44828011979257,43.808975511341,0
"1201",-1.11394205829743,39.6614905829418,0
"1202",-1.19947145089419,42.2491763908677,0
"1203",-0.717131132381085,41.6578383475836,0
"1204",4.98156678237058,44.8045047882408,0
"1205",-4.8583099761277,37.4307621783674,0
"1206",-2.9896749718085,39.8407228315377,0
"1207",2.24038258717524,43.6386171310201,0
"1208",6.3619112409874,43.8041508893689,0
