"","x","y","presence"
"2",0.0657549978816672,40.5648173673967,0
"4",-0.917057032259495,39.6524535050272,0
"5",-1.46007133335504,40.7005475376355,0
"6",-1.30804277388755,38.2509005046451,0
"8",-2.42863760109505,37.455837908502,0
"9",1.57853288250484,42.0292402299947,0
"11",-5.77940088765047,36.6352922458705,0
"12",-0.969376334178892,37.9325629306299,0
"14",-2.22754744361089,39.7927492060485,0
"15",-0.615740478261172,39.5523857101765,0
"17",-0.8339576332487,41.3236257723527,0
"18",2.66440259987609,43.3778036794641,0
"22",6.30528611613467,43.8038326097449,0
"24",-3.4333533349456,36.9383284606176,0
"26",-5.58596011574883,37.898823803789,0
"27",2.8835101339908,42.2329186457224,0
"29",1.57056141905642,42.5151130298888,0
"30",-0.495566100208347,41.5645837658667,0
"31",-1.3998811315016,38.5714960184131,0
"32",-5.31524411005517,38.3114339425341,0
"34",-3.76134386182278,37.9511808952712,0
"35",-2.08818703954427,37.9016354209319,0
"36",2.97729413988086,44.0089632224897,0
"37",0.358887204027373,43.2985600647635,0
"38",-1.89436537928348,38.5227251295584,0
"42",-3.35201724199312,37.8976450641139,0
"44",2.95251452140816,42.0236929192856,0
"45",1.75468323781854,42.2832402091445,0
"50",-1.56223975140816,38.8119142062183,0
"51",-3.52472774686152,37.1556532248077,0
"52",2.18329895046837,43.4109987431126,0
"53",3.68688948696182,44.4638316525555,0
"54",1.28343618591901,42.5016982006947,0
"55",-0.436943107584425,38.4148329278932,0
"56",-2.61340042791858,38.5518016563826,0
"57",0.453993221359064,43.1617265880722,0
"58",-1.2142553166933,38.0565489436062,0
"60",2.29784779378659,42.0638118715214,0
"61",-0.33060171190354,40.2348302791453,0
"62",-1.99198503914495,41.0536882980091,0
"63",-0.760730091031374,38.8844694976039,0
"64",1.12170712707963,41.9420090506417,0
"66",0.144874149132045,42.5182283111277,0
"68",1.44896676016963,42.9367484252219,0
"69",0.738822277867559,40.7212610022935,0
"70",-1.77958950559971,40.7439833996822,0
"71",2.70509347286663,44.2355847647561,0
"74",-0.687808638673554,38.6746951599967,0
"77",-2.24931357084576,39.9020674230652,0
"78",-2.7113793270493,40.1005675347941,0
"79",-0.211336690090365,42.5622091357372,0
"81",-4.15598853580356,36.9905107977316,0
"82",-6.35181349227438,37.5939733548525,0
"84",-0.556605926785664,39.6392885589858,0
"85",5.34582502309713,43.7923978683646,0
"87",1.22432664374745,42.2869819098574,0
"88",-2.36636823643657,39.1888010517695,0
"89",-2.67247562236,39.3015586300569,0
"92",-4.52995941526408,37.327590591236,0
"95",5.09595080238382,43.3514544311686,0
"96",3.90985458053972,43.9221330460456,0
"98",2.06107755093503,42.5589873616306,0
"100",-1.70893720308894,41.4230625346807,0
"104",-3.42336570595811,38.5134882699879,0
"106",-2.12842811279802,36.9114370803353,0
"107",-3.13698787416544,37.7090922795495,0
"108",-1.9371922114681,39.4933281945508,0
"111",-0.646133401773779,42.282017697796,0
"112",-2.10015830139607,37.9546727198032,0
"116",-1.3680333938709,39.2624015135746,0
"117",2.6263565021059,42.8273416795019,0
"119",-0.492651529488656,41.1322125397241,0
"120",0.897363603526445,42.9280146412673,0
"123",4.68894359391616,44.6801104794213,0
"127",2.70067570566976,42.7983257335103,0
"129",-5.55353916473671,35.1308380510741,0
"130",1.92104646028995,41.2632928940169,0
"131",-1.66237159298348,38.4211772781302,0
"132",-1.75390870538398,40.2894316315871,0
"133",-0.405996868825391,40.3752034236094,0
"134",1.65500209001286,41.9881574712926,0
"136",-1.87464175950664,37.7678279368434,0
"137",-4.46257984652912,37.9451792329655,0
"139",4.37221587364138,44.1311549663653,0
"140",-3.09112187007097,38.9427232016996,0
"141",-0.0779939874262796,42.3976801279365,0
"145",3.83393639078237,43.8312405887314,0
"146",-2.86688073858238,39.6720579788413,0
"147",2.42414648244265,42.8478742917365,0
"148",2.92240256374501,43.7650411558031,0
"149",-2.59153804539558,40.1171952094636,0
"151",-2.17677862407237,40.4718325148683,0
"152",2.66690478529051,42.1943711581464,0
"153",-4.68508055245304,37.6665441748987,0
"154",6.33931326970356,44.0018965315777,0
"155",-0.816015227176933,39.8523976427509,0
"156",5.79216905974786,43.7333682982857,0
"157",5.46827872272929,43.9778039425363,0
"158",-1.27994848981134,37.7023854064337,0
"159",-4.99241457506799,37.9337368388046,0
"160",2.1337024306661,42.8399663806071,0
"161",-3.3810820409036,36.8541030694113,0
"168",-0.533172225855735,39.5607010615672,0
"171",1.54369173395157,41.6983547476099,0
"174",-1.4543783716747,38.8880135065228,0
"175",-0.474106454183219,42.6831296860762,0
"177",5.18856078119868,44.7924434201878,0
"180",0.75106828782335,42.8138993486363,0
"182",-0.0954822889087312,40.6153697877602,0
"183",-0.0208390608489379,42.2390397615871,0
"190",0.738876729528925,41.4296912997029,0
"198",-0.809701756090359,38.2478958807994,0
"200",-5.83122476716787,37.9775541941665,0
"202",-2.45075753930156,38.1970581300129,0
"204",-5.75488898984615,35.2191437082303,0
"206",-2.92563094702084,37.1923651559164,0
"209",5.92253398188263,43.7623066149182,0
"211",-5.4054802393415,34.922665870587,0
"212",-4.50790793973193,36.9601585874917,0
"213",-2.91531124049433,38.8014442357452,0
"215",0.134175217484865,42.1104759334075,0
"216",-2.05203786357269,37.4321841423967,0
"218",-2.24756645184265,40.4089145375089,0
"223",4.26838122800303,44.2812103422384,0
"224",-1.23111165502785,40.5104380710826,0
"225",2.46081060784324,44.2038685329614,0
"226",-1.76595368952229,40.8539894164457,0
"227",1.97547387481031,42.2905394070052,0
"230",-0.322526129051591,38.8020705390215,0
"231",-2.78692600061078,36.9684677199815,0
"237",-3.3676174506731,38.3072418153828,0
"238",6.02902717759469,43.8836359115807,0
"239",-3.07178276876403,38.8567079081022,0
"240",1.81143300557504,43.5939493809496,0
"241",2.56809641259906,43.1280255531611,0
"242",-1.42096225751122,38.9315175719712,0
"243",1.68968060892944,43.6729062662069,0
"246",-0.723510339393772,38.5613017920528,0
"247",5.33289227108231,43.3430389289807,0
"248",7.06176978207055,43.8370793767218,0
"249",1.66734904808584,43.7381249975234,0
"250",-0.413171664658254,40.3086346981244,0
"251",-6.58565783549182,37.4932411229645,0
"252",-1.17167576724866,40.9729798858129,0
"253",-2.49185896567345,39.6167982618539,0
"254",2.82734242885412,44.2540424346709,0
"256",5.17008412470938,43.6292270350504,0
"257",-6.15674683222462,36.5760090673406,0
"258",-0.769679177718677,42.0210235931976,0
"259",-0.756883627696698,40.9373293509704,0
"260",7.0956882549815,43.6905092021119,0
"261",1.95073657276812,43.8326936409636,0
"262",0.481672120902801,41.0232948213182,0
"265",1.37827284633351,42.9270909439229,0
"267",-2.62211644192772,39.3174861717558,0
"268",2.71881853366512,43.642518799261,0
"272",-1.89052764035997,40.004066091356,0
"273",-2.2631628111208,38.084959924867,0
"274",-6.24693113122139,37.7153242061884,0
"275",-5.52293595794945,37.1316549487911,0
"276",-2.80596229130324,39.7289928948226,0
"277",-0.79879432923423,40.0348107918613,0
"278",5.94297941342233,44.4356986208397,0
"284",-4.26386958763351,37.5009125113526,0
"285",-1.81069198756451,40.7063973922947,0
"289",1.72438941025695,43.3449593608955,0
"290",-4.78052254395752,35.214081806439,0
"291",-5.9966896789225,37.2283585762264,0
"294",-2.44398989277779,37.8201824394408,0
"295",6.07269889444221,43.7516204563012,0
"296",-0.459117072364987,41.8165425534804,0
"297",-0.131844190720196,43.0550162610959,0
"300",0.206207339938963,41.8555053362822,0
"302",-1.97357318485587,39.385267771152,0
"303",-0.940106781502616,37.7073685563962,0
"305",-1.94994110309623,39.8690887148852,0
"307",-3.02837765588726,37.5627938588234,0
"308",0.404269721901871,41.7035518616922,0
"309",-3.1362529285539,38.9744783852871,0
"312",3.44727713390995,43.4907603160305,0
"314",5.99948553529703,43.7835152816361,0
"316",-1.42057394024512,40.7565548915369,0
"319",-0.442939217250117,42.2148361642355,0
"320",2.9423599376892,42.2842767925539,0
"323",-6.45660069449462,37.3488255302538,0
"324",0.943056657808757,42.5270695337992,0
"325",-1.74757257646855,40.5095934137373,0
"327",1.43512429430202,41.7254996805682,0
"328",-0.391157262813006,39.5977808025499,0
"329",0.186375083362398,42.3092685077742,0
"330",-1.42727483793865,39.7780864949002,0
"331",5.43018132771554,43.7472113694533,0
"332",1.39433264187974,38.8825358818981,0
"333",-2.21371751107178,38.2258697330541,0
"334",-6.04604980294336,36.4519778232478,0
"335",0.851955465706693,41.6013357154631,0
"336",-2.6742243742382,39.6476830107985,0
"338",-5.1816946833793,37.7680049477709,0
"343",4.65211231473526,44.1911486380528,0
"344",5.12081772232128,44.4616485325014,0
"345",-2.81725986734939,38.7229687017819,0
"346",3.86703256263768,43.7346970282752,0
"349",0.0986082761922562,42.8535304889858,0
"350",-2.78122323830614,39.4488234577539,0
"351",-1.57680114789125,41.3701182195325,0
"352",-5.48336527438777,36.184606249744,0
"353",-0.776323464577159,42.1654188420151,0
"354",-6.31389181014036,36.9174478409209,0
"355",1.31883949220969,43.1931727369061,0
"357",0.81840671080478,42.1053675153531,0
"358",5.29880664439106,44.5837690518352,0
"359",-5.57589814033869,35.6888886787749,0
"362",-4.67177278907995,34.9949666936586,0
"364",-2.91027332825178,38.4011757381853,0
"365",2.12232476614478,43.1761773267292,0
"366",-3.90355108241361,37.8309483329192,0
"368",6.66168045475692,44.1116645615089,0
"369",-1.05349858436986,38.0579928905866,0
"370",3.9624289922037,44.1518635483961,0
"372",0.267525689800507,41.7225398602314,0
"374",-2.23341349679916,38.4933307508991,0
"375",-2.12817174803374,40.8332020988538,0
"376",1.12124743225469,42.8458989633805,0
"379",1.7239687559912,41.9321439240538,0
"381",1.86845311537172,43.3946767962102,0
"382",-5.48798212751951,37.1949600016031,0
"383",-5.57665378365423,35.3046842366192,0
"384",-0.834466607839282,40.0946232509124,0
"385",-3.45980740273207,37.5576934514384,0
"387",-4.57736606063062,36.7878976406817,0
"391",-3.63525703533714,37.46405834264,0
"392",-5.18208187720034,36.7162151055691,0
"397",-1.45622468109266,39.6337438557531,0
"398",-1.14919959912122,38.3958935766828,0
"399",-0.0519474265620365,39.9039017571326,0
"400",-1.57110586509921,39.1465722119178,0
"401",-1.18039916630655,40.4175165323567,0
"402",-3.67720399075032,37.8183521722929,0
"403",3.80236288170449,44.4632081031647,0
"404",-1.07948383144887,40.3163586450559,0
"405",-2.45620389973112,40.9599776258467,0
"406",-5.91341149695689,36.8291699526909,0
"407",0.441796777934177,42.6625877803496,0
"412",-1.66434967272297,40.8300584305169,0
"415",-2.37737985354412,37.9386023409203,0
"417",-1.20089566905131,38.2470582929221,0
"418",-5.39374804524854,37.0183814155347,0
"419",-6.09752029657643,36.2783270636416,0
"420",0.123902523591629,41.7433184025731,0
"422",-0.451021925375227,39.0870741234187,0
"424",-0.892722726490759,37.7317360598987,0
"425",4.56269160413845,44.0227566191408,0
"427",-3.25199685426446,38.1342909075489,0
"428",-5.78744263894974,37.8550070503312,0
"430",-1.24287760307819,41.3113280748133,0
"434",6.00448601961323,43.4871507088624,0
"437",0.870384178419059,42.1468616139114,0
"438",5.23100596931337,44.6396403568222,0
"440",-0.75441356673826,39.4441596376612,0
"442",-1.24560513875113,38.1981419663788,0
"443",3.31354860715062,43.8433279080119,0
"444",-2.75260760150146,37.7327219253363,0
"445",1.07050645256187,43.1755739260195,0
"446",0.121661696030641,41.4717164821706,0
"447",5.71730126413,44.3984277973881,0
"449",-1.7623790897705,38.4826727725482,0
"451",-0.263119740982863,39.9625101128748,0
"453",1.38462721351917,43.5464828414831,0
"454",-6.27295754429619,37.5739301557084,0
"456",3.35984488732857,44.4530136327891,0
"457",6.46455803532064,44.4510742862128,0
"458",-0.886597046161719,37.9860975765706,0
"461",5.55331748479645,43.3196713856967,0
"462",-2.49486605023812,37.5988294960815,0
"463",2.60095369212839,44.4977855569002,0
"466",-1.89533616738817,37.6328983176271,0
"469",5.94922577469181,44.4089325574524,0
"470",2.61537975565336,43.2932360139903,0
"476",3.10019784167234,43.615325964963,0
"477",-2.82444490913613,38.0741823628157,0
"479",-5.43899178223444,35.3829106101794,0
"480",-1.64300475641582,38.8653908276758,0
"481",-3.69854692669036,38.1103845346167,0
"486",-1.91496674364773,39.9773709875798,0
"487",5.54243990851651,43.5926972205961,0
"488",-1.9432059487627,40.520449497546,0
"490",-1.44531416054549,40.6374614384726,0
"491",-0.80120602165529,39.2124897794386,0
"493",2.18919381175678,42.5553692023118,0
"494",-2.08922652310923,40.9950967537501,0
"495",5.24240244226171,44.6350785257743,0
"497",-1.15124037249289,38.9359485318741,0
"498",-2.17912316281812,39.928323515665,0
"499",4.7237845434206,43.4135553713758,0
"500",-4.26378179698097,38.5024333765632,0
"501",-0.564302901905675,38.2133028635439,0
"503",-4.17490961096397,38.4350957871684,0
"505",1.01188858797545,41.7461187694548,0
"506",2.02371607653468,43.7168557825083,0
"508",-1.44575663258658,40.3010482851139,0
"510",-0.721097516780237,37.9156864232349,0
"511",0.985089315548688,42.824178666572,0
"512",5.57298942610062,44.3332444947502,0
"513",-3.92023185968532,38.0999904249737,0
"516",-0.304615793456463,40.6598920285786,0
"517",5.03094367296707,44.3297242110776,0
"518",-5.59158125454076,36.0744521088011,0
"519",-5.32310213591611,36.7822470464854,0
"520",2.90058799005059,43.5189240053473,0
"522",5.70257260928164,44.2417416393009,0
"523",3.86401929743833,44.1538535385778,0
"524",-2.79871100674259,39.5547933660171,0
"525",6.48815805672477,43.7009456449008,0
"526",0.630880371076779,40.9179834588689,0
"527",0.0148837120569603,41.6464607574111,0
"529",0.672043256303382,40.7311387223881,0
"530",-0.778873954755359,40.6700745979858,0
"531",-0.733032211001463,39.8871249450398,0
"533",-1.39564689406795,38.4638111087958,0
"537",6.72316935909731,44.1384560698684,0
"541",2.18951467508749,42.5844787711138,0
"542",0.880653424381817,42.9920577470071,0
"543",-0.35693234917683,40.4711950171056,0
"545",0.510945637687016,42.3647898857131,0
"546",4.85796773480491,44.7943232317109,0
"548",5.99618015751408,44.5379770118525,0
"549",-2.41545203345769,40.583062769678,0
"557",1.8447205072085,43.7609058284113,0
"558",-4.70817998968058,37.7825852747502,0
"560",-0.167545918430084,38.7516238515927,0
"565",-5.81856273167492,34.9816997678683,0
"568",1.41650924490065,42.3839843791841,0
"569",2.21100418518364,42.5352477812003,0
"573",1.83459262302163,42.5027949350053,0
"575",-0.619365349649017,40.3174422792378,0
"576",-1.92639438629244,38.5990385636314,0
"577",-0.984771856567254,39.3165232600117,0
"580",-3.27792822321261,37.0570326723042,0
"582",-0.473033091833656,42.2804144972205,0
"583",-0.443711179195521,42.2652115666997,0
"584",4.52110170520486,44.2063067511209,0
"585",-0.435656509964935,42.3321641838203,0
"587",-4.4087343866699,37.4350609278575,0
"590",-4.23890975575343,37.9133732477437,0
"592",-5.67752818192833,37.6409775436728,0
"593",1.26333190719524,41.7970543633521,0
"594",-5.57915484224988,36.9221773127137,0
"596",2.02544067603099,42.2974804556688,0
"598",1.97156249456931,43.0006688099233,0
"600",-2.31685055683718,37.4407560768996,0
"602",-0.150514096628001,40.5091040750133,0
"603",-5.04031680477455,37.7431049009158,0
"606",-2.33580183681322,38.6743943497162,0
"609",5.78883388536806,43.6642884173451,0
"610",2.62957320532457,42.637289893487,0
"613",-0.521964694099659,40.5035223767571,0
"614",-0.724346307344097,41.8485968485381,0
"616",-5.81011676619329,36.4951342809543,0
"617",0.365711056541135,41.2493706434129,0
"619",-5.57358229498699,36.5081663456305,0
"622",-4.34479539372765,38.3969320750304,0
"623",0.808284231299544,40.7306617354796,0
"624",-2.5814668597602,38.7596901657499,0
"627",-1.23565415498953,41.2304835207445,0
"628",-1.94904675986111,39.3588397152528,0
"630",5.86215646496461,44.0564890390506,0
"635",-5.94750601674475,37.7540853604181,0
"637",4.63098950992611,44.1201405608671,0
"639",-6.66170814981014,37.6541345998903,0
"640",0.974608605513165,42.4984414138973,0
"641",-4.30642009281839,37.4585686915533,0
"642",-1.30766622749174,39.0607511218596,0
"643",1.29020898746996,41.428476894306,0
"644",-0.823673377655123,38.6620026807733,0
"645",7.04255495133031,43.5474621649902,0
"647",-1.58744268937663,38.223381689321,0
"648",2.02408763321506,41.4401600779876,0
"651",-1.75471038970464,38.0201268908984,0
"652",0.610880889872027,42.7795784780128,0
"653",-5.31820582835649,35.5733367991257,0
"656",2.32220771950058,43.4218082177001,0
"657",1.97468529060124,43.1890404306545,0
"659",-1.28003731956622,37.5587825701518,0
"660",-6.61922217018135,37.6553176202886,0
"661",-1.09039602535565,37.7135678012701,0
"665",-2.74748580873496,38.4018519344299,0
"666",-4.0495134569082,37.139166233017,0
"669",6.93353504334026,43.6091044635818,0
"671",-6.50908290944225,37.1511521930442,0
"672",1.50956697223729,41.5889021130944,0
"673",-4.95956868517985,36.591083271726,0
"676",2.98396193811655,41.9454891577978,0
"677",0.586931281379763,40.9389215615675,0
"678",-1.97986770919336,39.8684808568318,0
"680",-4.8597780470261,35.2368200810814,0
"682",-6.49857446751971,37.3157244124454,0
"685",-2.41165163137039,40.6468870147269,0
"686",6.23721419486281,43.6275293169423,0
"689",-4.38021141890081,37.5787975379029,0
"690",6.1422189600097,43.5411688836421,0
"691",1.48552985311032,43.5017810357118,0
"693",2.29657469775005,44.294222836898,0
"694",-1.46115394304065,40.7846811187154,0
"699",-0.669716760429742,40.3876592685417,0
"700",-1.96941208268338,37.0159799995105,0
"702",-0.0821247903192948,41.0743029899747,0
"705",1.513878332656,41.7969311984385,0
"707",-2.69572508842156,39.3256426925111,0
"709",-2.70823962873587,39.0585741811992,0
"710",-4.17723552683669,36.9605936851295,0
"711",2.85963943317559,43.9388683616159,0
"713",-1.5230119277591,38.2048620232856,0
"714",-4.61979608729759,38.131902250032,0
"715",0.966218073442183,42.6669229910241,0
"716",0.32558576560252,40.8334625838847,0
"718",2.10841015013901,43.6827062663083,0
"719",-1.03386581182582,40.7409938187906,0
"721",2.65020231507068,41.801717714006,0
"722",2.82263580132902,44.1592567083646,0
"723",2.24363793963095,42.5193171463187,0
"725",0.0414110500529441,38.838821777488,0
"727",2.71487244470714,44.2152816220624,0
"728",3.70173701106895,44.0354711945187,0
"731",3.69122146748921,43.4612487914985,0
"736",-1.59677246537425,40.224622109061,0
"737",-1.58512624013103,37.9830014052054,0
"738",-5.48021473297399,36.9864232671015,0
"739",-1.64792060787099,40.8604369246764,0
"740",-0.0399426806495713,41.3802375123204,0
"741",5.56683102416912,43.2495729436098,0
"742",-2.18235635672581,38.360832505798,0
"743",-1.76518494609516,40.5604957681207,0
"746",-0.742445385082664,37.9576206066363,0
"748",0.13879573783816,38.7052406883492,0
"750",-2.84381282529063,37.9435663647414,0
"751",0.244738593915027,41.2605195500722,0
"752",2.4002020829569,44.076866597075,0
"753",2.87356843804975,44.1872726523064,0
"754",-2.4592492354071,38.3900747746968,0
"755",-1.66206451462727,40.8500038051418,0
"756",-0.35486780127867,40.1323335038521,0
"757",4.28915492816443,43.945473847591,0
"758",-3.7289079180484,37.4900600738277,0
"759",-3.93655524985397,37.4039281084442,0
"760",5.91603961927318,43.4388169023022,0
"761",-0.957781136282528,41.8742225081954,0
"762",-4.7639306031881,35.0940472101077,0
"764",-3.36474364110413,36.967715002904,0
"773",4.25327445798423,43.8043486390805,0
"774",-2.8200072910362,36.713365361637,0
"775",1.15168597843252,41.2945071192145,0
"776",2.52392493813363,41.7420472624874,0
"777",-2.38615796741267,40.3927545144248,0
"778",6.18265287446319,43.2592169064684,0
"779",-3.42924665069739,36.8840114997213,0
"780",-0.477705192822059,41.5183010950417,0
"781",3.79583948495641,44.3016252694429,0
"782",1.01701088679828,41.7448505575511,0
"783",-1.21794627903816,37.5914437564981,0
"784",0.810980286894904,42.6044441387149,0
"785",-0.858238485973899,41.5767898856751,0
"786",-4.04382815692074,37.8904616595846,0
"788",-3.80399953563466,37.3074138205124,0
"790",-2.28842245101445,37.8672683477792,0
"793",-0.96691256856123,38.0529312118949,0
"795",-2.24216413518256,39.0978056781529,0
"796",0.232712890522983,42.9215498033117,0
"797",-3.26489890552844,38.3568349447226,0
"798",-1.49579643749377,41.4654343279141,0
"801",2.20442504464368,42.2438351058558,0
"802",0.330842881206011,40.3875043258813,0
"804",-4.73758332003518,38.4360476345675,0
"806",0.939054794695528,41.4408534738156,0
"807",0.78329407315031,42.3435575053687,0
"808",-5.98300130046069,35.294739516931,0
"809",-1.69640569639267,39.1645555628233,0
"811",-0.205534912803731,40.8075658489382,0
"812",-2.19696076799715,38.2058364014186,0
"813",-0.981156246010292,39.8026055085831,0
"814",4.6654005746973,44.7307082587188,0
"815",-0.629718945081259,41.4849694247298,0
"818",-3.36067978946389,38.2218567432482,0
"819",-5.40519784641319,37.9548253663971,0
"821",5.07552111594348,43.7179174390573,0
"824",-3.73533216823984,36.8252655449873,0
"825",-3.59884431534877,37.9801739619357,0
"827",1.72838957639461,43.4845658259665,0
"828",6.15507483869392,43.9854737250722,0
"829",0.0169715992731705,40.6771130249694,0
"830",-2.81802461967891,40.2014749974609,0
"833",-1.34169831342302,39.4425387564438,0
"837",5.84853804035648,43.5371072302396,0
"840",-2.16310970178968,37.6540839609329,0
"841",-3.4462634426264,38.5027495342359,0
"842",0.237720108762117,40.8504175084592,0
"846",3.17438640510714,44.5666446343243,0
"847",-4.19302629946291,37.1547135758431,0
"850",6.59857920433586,44.4450627122433,0
"851",-2.54879680083161,36.8920513603103,0
"852",-0.613579155523713,39.1038075310229,0
"854",-2.23183062681301,37.1499814268553,0
"855",-4.28642666742108,36.8208180850111,0
"856",-5.88098705415608,36.3943731042193,0
"857",3.10742456225861,43.2894763072818,0
"860",0.684065542128328,40.7357346179535,0
"861",-0.0054373173413973,40.4652391157779,0
"862",2.27832977457648,42.9607329411069,0
"863",-2.04863920611284,37.8874721484116,0
"865",-1.22460925961756,39.549757571525,0
"867",3.59440462214087,43.6654851537198,0
"868",4.8192587504712,44.5414720783004,0
"869",-4.34338726499307,37.0758033276944,0
"870",-2.69877145307875,38.4281226005451,0
"871",-0.48665138486714,42.8243078435545,0
"874",-3.59747634049732,37.8014632294201,0
"875",-4.6920036864718,35.0145207655586,0
"876",0.935262961828789,42.4163035585175,0
"878",-2.0934325867,37.8148579842996,0
"883",3.45104271932158,43.6457805012211,0
"885",2.0079393722745,43.0591806472085,0
"886",0.53071237346337,41.6064731062518,0
"890",6.6199014391982,43.6367123862737,0
"891",-1.29739320634874,39.4954811984851,0
"893",-5.73390116038197,35.4048762026555,0
"896",4.14194979402357,43.5196835153423,0
"899",2.30639803048866,41.7151308462488,0
"900",0.470346640910479,41.7766783135738,0
"901",0.971749495193796,41.3611978220726,0
"902",5.75109599952026,43.9981898644711,0
"903",-2.22401231625303,39.7812442208348,0
"905",1.55849321030617,42.8310485046373,0
"913",-1.17383131419651,38.8246913424376,0
"918",-1.51871366407827,39.720113445432,0
"919",-4.96523215052342,36.6578218898674,0
"920",1.97413492735008,42.8484408229162,0
"923",-5.48895956857812,36.2958685890625,0
"924",0.37919878704086,40.6925670238595,0
"925",0.1630993563509,41.9303149071931,0
"926",-2.66876987642282,38.0567325894223,0
"927",3.14566387571023,44.2700644288317,0
"929",6.05018770384286,44.4933090684148,0
"930",-2.17988364065848,40.6570233304778,0
"931",-0.329095539815131,42.2858643993981,0
"933",4.46882194990099,44.5456494994709,0
"934",-2.17309994202784,38.3633348604398,0
"936",4.82890401210756,44.1586006398856,0
"938",-6.24923777984268,36.6998776788092,0
"939",3.72260956427432,43.8558585470794,0
"940",-2.98632272829499,39.4167069202365,0
"941",2.22899701808208,44.3653814853866,0
"942",0.0338629027265824,38.7759265074831,0
"943",-2.10550158152442,37.2893627147283,0
"944",-0.875865764020063,40.9112573550338,0
"945",6.51198576636769,43.3512936995388,0
"946",6.91062178086369,43.5909961513463,0
"947",0.584736488076478,41.4439356410341,0
"949",-0.952551661475913,40.6296615958517,0
"952",-0.347737187537335,39.0510706659515,0
"954",-1.84042000366198,40.9660423579397,0
"955",5.45118940280672,44.6610284490558,0
"957",-2.89785384893266,39.6855393219225,0
"958",5.7620856976412,43.5937257166457,0
"959",1.12302202336922,41.4236499070798,0
"962",-0.257296965732144,42.2356676764604,0
"963",-1.68980992346792,40.1362741791817,0
"967",4.39126150613374,44.540728243375,0
"970",6.20143082677167,44.2255760852062,0
"972",1.29389803354817,42.0474689253708,0
"973",-4.33130259254347,37.8909588741886,0
"974",-2.73551203009633,37.3815847967543,0
"975",2.22017675646846,42.6766567049858,0
"976",2.57975683440926,43.02156872541,0
"977",5.2231394282112,44.710203843018,0
"978",-1.57134022990787,39.1103651830529,0
"979",6.66610039799601,44.1673720347115,0
"980",-1.03656811215632,38.2760193935996,0
"981",2.56955385821008,44.0694732953453,0
"982",5.62024388008575,44.1722541856335,0
"983",2.46331797190079,43.8242928656721,0
"984",-0.581482630478884,40.1199570753995,0
"985",-1.02989073933483,40.8364321439126,0
"988",-1.57533421541085,38.4707110838965,0
"989",-1.35314654581304,37.5673360222486,0
"991",-5.52224756952049,35.8389186584787,0
"996",0.00119274933414371,41.1782017346674,0
"998",-0.784757875105868,37.9737218987552,0
"999",-1.14528394439107,38.2329212369268,0
"1000",-3.71370165060722,38.1043881081794,0
"1001",5.31913362163818,43.5375797365648,0
"1003",-1.81357309783951,40.2110897203304,0
"1004",6.49942675044919,44.4400021676411,0
"1009",-1.3991264530668,38.1641224870244,0
"1010",-3.1240418972118,38.7420412062601,0
"1011",-4.92166248162219,36.5541897491765,0
"1015",-1.22609226444707,37.9185784236224,0
"1020",-2.77528084483328,37.4012062121929,0
"1022",4.7215753511278,43.7660646971828,0
"1024",-0.402261731136425,42.3584633904145,0
"1027",3.00959321228588,44.0794192676447,0
"1028",-3.86630714803073,37.4388255729682,0
"1029",2.81024530891662,43.035648468052,0
"1030",-0.111180837828933,38.7329069515822,0
"1032",-1.20174802647939,39.3495889444937,0
"1033",1.68711109103314,42.6584740238987,0
"1037",-1.5036456444797,38.2246147886038,0
"1038",-2.39768487132012,37.3651614301759,0
"1041",4.7978965371586,44.382697359523,0
"1042",2.50581051339335,43.4001153319288,0
"1044",1.97754066622487,43.6581601344063,0
"1045",0.568235043674129,41.2667879441971,0
"1046",-5.39759220771376,35.1038644585955,0
"1047",1.22923691171443,38.8921550202801,0
"1049",-2.6207783682581,39.920273706229,0
"1051",-0.484384151286728,39.3704136405615,0
"1054",-4.35392346241859,37.2285502513035,0
"1055",-2.15264732786194,41.0528951743436,0
"1057",2.17156026535952,41.5350785648135,0
"1058",-3.38450979997627,38.133882175169,0
"1060",-0.382627190768929,40.9297072048434,0
"1062",4.26717252594794,44.0708600753815,0
"1063",-4.74590621936419,37.3199427166144,0
"1064",0.410534270835939,42.8903083158099,0
"1065",3.5825642163355,44.1200057087889,0
"1068",4.90219969312319,43.8015465385291,0
"1069",-5.83699138366052,36.2250241879563,0
"1070",-3.68851078376914,37.9633063157773,0
"1072",-1.86109838642632,41.0712589913765,0
"1074",-2.07662269421563,39.9310336713007,0
"1075",1.11836013459761,42.7226594718204,0
"1076",2.20356673936685,42.5105727999933,0
"1077",0.139381089824137,42.2500052292623,0
"1081",3.24997283108039,43.6899079254962,0
"1084",-2.26443902446435,37.8248353183581,0
"1085",5.45926573799575,44.4426740616984,0
"1087",-2.24800705484902,41.0575093501311,0
"1089",-4.15039105008461,37.7449705735027,0
"1092",-0.580053146167086,40.8344159255862,0
"1094",5.89954497964165,44.2406958042305,0
"1095",5.03709753388641,43.9319283145766,0
"1096",3.08309701740248,43.6100312471371,0
"1097",2.68158296270657,41.8386291007898,0
"1098",5.97484895870724,44.6022076630033,0
"1100",-0.634049178027455,42.3290510685065,0
"1101",-0.77275754200462,40.669996650245,0
"1102",2.95345818489344,42.1651778224228,0
"1107",-2.95644941667707,38.8862854910264,0
"1108",0.174743085049542,42.4580584000655,0
"1112",4.19556233302154,44.316289605035,0
"1113",3.14050837621828,43.6878323557088,0
"1114",2.15782396673673,42.1267281338027,0
"1117",1.91784561012931,42.5840651073036,0
"1118",-5.42237679565964,37.7950926835736,0
"1119",-1.65078484960157,41.1200379978025,0
"1120",-2.23412731961939,36.8630975917077,0
"1123",6.60779778626242,44.4500943236183,0
"1124",6.26474712414432,43.1638621205205,0
"1125",-2.06497365529921,41.1624232374337,0
"1126",-1.19087006897035,39.1900159451968,0
"1127",-4.68345333843734,37.6492725953254,0
"1131",-5.73723861538898,36.186314074728,0
"1133",5.91728107666782,43.2852077476077,0
"1134",-4.75552606685155,38.5162302033705,0
"1135",-4.3138369961218,35.1289794038,0
"1136",1.34346081288791,41.7876432142042,0
"1137",-1.84494480852057,40.5400151218213,0
"1138",-4.97542739418184,37.0553409755608,0
"1139",3.18880423340873,43.2449328998905,0
"1140",2.44797104104147,41.7432516586145,0
"1141",-4.04578728316374,37.2799685165008,0
"1142",5.35086099545707,44.0392789884832,0
"1143",-2.60410038104363,37.0588079105456,0
"1144",3.08872006571364,42.1749365793127,0
"1149",-5.99313805750192,35.4460693468481,0
"1150",6.514782830807,44.1534137628205,0
"1151",-0.478354260673993,42.3253163117681,0
"1154",2.25417831370806,41.8209562324614,0
"1156",2.31471084917553,41.8932584870886,0
"1157",-5.59041221043357,36.3284507818887,0
"1158",-3.24268373089388,38.5506725842523,0
"1160",1.67648974119543,42.2236356161579,0
"1162",-2.42953227157993,39.593338432033,0
"1163",2.4859694109521,43.5455033413555,0
"1165",-5.44486440740761,37.8454247419719,0
"1166",-4.7645799982898,36.5633221005361,0
"1168",-0.143642276721346,42.300600266294,0
"1169",1.26958848405522,42.1415887737883,0
"1171",-0.0365336422874938,40.1945787546303,0
"1173",0.629220226288674,42.5998830071772,0
"1174",0.716444500585978,42.736240858797,0
"1175",-5.6593346605833,37.0216883555831,0
"1177",-2.13068719549778,37.1540747115955,0
"1179",6.15711859105052,43.5141791884863,0
"1180",0.49969525982813,41.1704144692854,0
"1181",-3.87437074072132,37.1133671250537,0
"1182",-2.21015951671512,40.5998881895925,0
"1183",0.601068251790576,43.198479834435,0
"1184",1.47584030817116,41.8959031978561,0
"1185",4.15231059232428,43.8779906113517,0
"1186",5.38032562610207,43.476749748203,0
"1187",2.11492531503742,42.560172903519,0
"1188",-1.93317253854568,37.6291056293637,0
"1191",7.05429818419874,43.9534086422201,0
"1193",-5.14839741485862,34.915222780467,0
"1194",3.15643411406835,42.291903681871,0
"1195",-2.19073015857445,37.9038949967483,0
"1196",-0.851551919795701,39.0848007084563,0
"1197",-0.948188737290645,40.6469985738142,0
"1198",5.6952581284062,44.6457703478672,0
"1199",-1.50611965605123,37.456080705919,0
"1201",1.62604523291808,42.7166132105137,0
"1204",5.80667223951047,43.5289946717219,0
"1205",5.39352951635237,43.8340946157108,0
"1207",4.76500331413484,44.6743719328624,0
"1208",-3.18922699314582,38.5619159178101,0
"1209",-3.68586410577699,38.326640156802,0
"1211",1.05309029447016,41.6642655008327,0
"1212",-4.42681228763781,37.4958799076493,0
"1214",4.92996827597016,43.5273127146697,0
"1216",-0.346675892944446,40.2075243426545,0
"1217",2.76587644211816,42.2184904889264,0
"1218",2.03255971120344,43.618485238651,0
"1219",-0.805665754416946,38.0782739069144,0
"1220",1.35120182165625,41.4133797199593,0
"1221",4.66732915200637,44.4367371540466,0
"1222",-2.99394140300554,38.1607158284342,0
"1223",1.8793317712385,42.4102536230396,0
"1225",-5.28690134557234,37.3166280331513,0
"1226",6.16117084050591,43.6832822071777,0
"1227",-0.752286918980697,39.6014213578134,0
"1228",-2.30318435039015,37.6161493581229,0
"1229",-1.44539731234832,38.3691290331614,0
"1230",-5.84269453731539,36.3892990365289,0
"1231",2.06680629079806,41.885931250723,0
"1232",3.30342692046698,44.0954866648946,0
"1233",1.78223970546693,42.3872440105012,0
"1234",-2.70515897370159,37.8285361151568,0
"1235",-5.5292070316365,35.7285825937696,0
"1237",-5.69979683322239,37.1412410382235,0
"1238",5.28906883854633,43.3649079611685,0
"1240",-3.43934517012214,38.3734503047599,0
"1241",-2.4748431453726,39.9962671690208,0
"1242",-6.81626979111799,37.2818945700604,0
"1243",-0.777184941140345,37.8813368448078,0
"1244",5.68149459383161,43.5741546380505,0
"1248",-2.72840444866554,36.8659263480113,0
"1251",-0.806393392575049,39.2358317173975,0
"1254",-2.82200685118015,37.7832204973619,0
"1255",-2.70299107897923,39.2720925736847,0
"1256",-2.38474144826411,39.2504051329377,0
"1258",-3.03005191964704,37.668745465949,0
"1260",0.0479434478563325,42.7808668223298,0
"1261",-3.0607846026338,37.5407561726466,0
"1262",-0.881060870854291,38.7236414562506,0
"1263",-4.45270496689249,38.679538305675,0
"1264",0.464422758978255,42.1416086528907,0
"1265",-0.922503834644913,40.9874811983566,0
"1266",0.436932888343214,42.8799556887456,0
"1268",-5.90953017646204,35.5732242639777,0
"1271",-2.27726148656209,39.8504717216568,0
"1273",2.2638091324967,42.2926705402086,0
"1275",5.61033457174997,44.7751766814107,0
"1276",2.73194695404772,41.6498950664058,0
"1278",-2.44569349768372,40.6110793759468,0
"1280",-5.0880056912525,35.3328559668168,0
"1281",6.16450685156552,44.0073622366424,0
"1282",-0.696485045340417,41.7333699552627,0
"1283",-5.88120276910204,36.7161207948682,0
"1285",1.68404102607105,42.8275024762024,0
"1286",-5.64214103232949,35.4695122629318,0
"1287",2.1272638793227,43.1533099471469,0
"1288",-5.526125799698,36.8963892319121,0
"1291",1.40304244826454,38.8928371728187,0
"1293",0.455509460594779,42.8144599049302,0
"1295",-3.8281091490181,37.5889802513952,0
"1298",-4.86232311565412,38.1393349753172,0
"1303",-5.84447876374249,37.2988053069737,0
"1307",6.27082720205039,43.5505161031396,0
"1309",-2.90188526910941,37.7923233042944,0
"1310",-1.37644890825616,39.3894097775876,0
"1311",-0.155364747785309,42.0319885984059,0
"1313",-0.687728465855667,41.9518048838936,0
"1315",3.80699716679003,44.5281845134747,0
"1317",4.79627296674849,44.017082064979,0
"1319",0.462495008227869,42.9933939578045,0
"1320",-4.40548559610604,38.7140591873986,0
"1321",-1.33243858574293,39.9406300604972,0
"1322",2.32189135332382,43.4489265065259,0
"1323",3.41341727581713,43.3550527299766,0
"1324",-0.456149429830864,39.9714436918018,0
"1326",-5.57260529588424,36.0481717425018,0
"1327",0.881858273661372,41.6127517048587,0
"1328",-3.26651145403163,38.6447143896469,0
"1330",-2.90574086170032,38.5360594174791,0
"1331",-5.2321568361541,37.4935119193792,0
"1332",-0.281892625980602,42.8868885919504,0
"1333",0.632028133828331,42.1129143630469,0
"1336",2.02157654795661,41.2670259403252,0
"1337",-4.89371103363266,36.5970241858744,0
"1338",0.606210003418823,40.7982230635448,0
"1340",-2.083088920093,38.8525189694158,0
"1342",3.85073668169126,44.0572632573505,0
"1343",-2.66152490407149,39.7710962504547,0
"1344",-0.783952253666943,39.8041684187683,0
"1346",6.05792338552488,44.0050879339296,0
"1348",-1.50297440123927,41.3002549220822,0
"1349",0.481094312529886,41.6816759250371,0
"1350",6.54171958861815,44.2568266872556,0
"1351",7.1198524313587,43.7280848191012,0
"1352",-2.97023503555001,37.2436820200293,0
"1353",-3.55435793552252,36.8860713897911,0
"1355",2.46477278939259,43.6518262559058,0
"1356",1.02212149234612,41.5176901856366,0
"1357",2.47443516585412,42.104084576553,0
"1358",7.15738995600967,43.9038390754498,0
"1361",-4.27564725932222,37.8548956701883,0
"1363",-1.53899473864233,39.6826068522002,0
"1364",-5.90622372921337,35.5143149608417,0
"1365",6.36240353719036,43.7593638524037,0
"1366",-2.55872737702818,38.7738841865054,0
"1371",-1.27409230472156,40.296077684503,0
"1372",-2.35636928528207,37.3670517111116,0
"1373",1.6980853004566,43.448412417692,0
"1378",-1.91183355659244,41.0596095259433,0
"1380",-5.9294141250061,36.8818627741863,0
"1382",0.458029202790224,43.2181683982003,0
"1383",-4.72074556408915,35.1662633482959,0
"1384",1.2180740276217,41.3792056442135,0
"1385",0.7289903050605,41.5436817076945,0
"1386",2.62301687443037,44.3053853688996,0
"1387",2.48352312789387,42.8425580773361,0
"1388",-1.89260104087024,39.4323149647408,0
"1391",-4.3846843057534,37.6549937680043,0
"1393",-1.26649978637597,39.5249708685538,0
"1394",-4.25295717443566,37.8347758223937,0
"1395",-1.79649627076093,41.3252778573003,0
"1396",-0.864986409795548,41.4190440580194,0
"1397",4.99382533839219,43.5952258498618,0
"1400",1.88967344060984,44.1359866061474,0
"1404",4.64120473606224,43.7320129381074,0
"1405",-4.49651428720421,37.8574865117022,0
"1406",4.11412913123258,43.6752339501429,0
"1408",-1.45876915594793,40.0523375532024,0
"1409",-0.615724938958058,42.2798200530295,0
"1413",-5.33925826097207,36.6202482180277,0
"1415",4.0181399848741,44.3186390481522,0
"1416",-1.89359450029863,41.1045138480372,0
"1417",2.11037581800352,44.1747577952105,0
"1418",-3.04100396042943,39.1149769767876,0
"1419",-3.77216958419719,37.4616939797382,0
"1420",-5.20645115146165,36.4130239179502,0
"1421",-0.564582460918528,40.5871106373854,0
"1422",-2.15121040114834,38.7714685106995,0
"1423",-0.828840334262433,41.7985971411238,0
"1424",-5.58646334828689,36.2038743288941,0
"1427",2.32958903354899,42.2988920718013,0
"1428",2.21327513659124,42.9357884974347,0
"1429",-2.91080656318294,37.1522069637176,0
"1432",-0.883980539248102,37.8355790854705,0
"1434",-6.52269246119602,37.438349378528,0
"1435",2.69059052926364,42.246058072425,0
"1436",2.37361910912773,43.5982352424611,0
"1437",-0.302394226399486,39.1867535228109,0
"1438",-1.5324018198753,38.5856653122982,0
"1440",4.70524570610288,44.6232923816351,0
"1442",-0.555227142570955,42.4477702673724,0
"1443",6.16184321731252,44.5390783057609,0
"1445",-0.496986053792551,41.8897397627892,0
"1447",3.05889150297034,44.1154889415329,0
"1448",-2.40166365151718,38.2503980588207,0
"1451",0.275443639478622,43.0213394138979,0
"1452",-2.79984159731593,36.8121599782943,0
"1453",-2.88600233013023,38.8561415465712,0
"1455",-2.19432168084998,37.6944513880052,0
"1456",-2.1885227307314,41.1742834994375,0
"1457",-3.3580365526548,38.0688095903471,0
"1459",-2.63664026204127,40.446610681724,0
"1460",-2.66441338252669,40.458833134281,0
"1461",-3.73745564808476,37.356052429906,0
"1463",1.68574041384088,43.3720791207842,0
"1464",-0.27540688657106,40.5200038770445,0
"1465",-1.605289271995,39.8303874094426,0
"1467",0.681435138907824,43.2643842855594,0
"1470",-5.90691889879719,37.0249192024061,0
"1472",5.46214599472239,44.6126695856237,0
"1473",1.39998572969479,42.7658244375225,0
"1475",6.52631479527778,43.6432029178647,0
"1477",-3.11822476954975,38.0886966639382,0
"1479",-2.9600106632891,38.422387349353,0
"1480",1.59503240389312,42.2269243224634,0
"1482",-4.16486922054327,38.094376070516,0
"1484",-3.44934788970946,37.017048504752,0
"1485",-0.305140415308843,39.1045309755759,0
"1489",-5.91099566499503,37.1707962461187,0
"1490",-1.48119402008438,39.479728483197,0
"1491",-3.85123254295242,37.4470224956636,0
"1494",-0.152655514483053,40.1595660847352,0
"1495",-1.3880676816302,38.1209621273991,0
"1496",1.84623938468456,43.29293862457,0
"1497",-0.569283903053083,38.3022595624666,0
"1499",-0.53035465601384,40.7781327834168,0
"1500",4.74433808883515,44.2279835411869,0
"1501",2.90034746484951,42.1336530147183,0
"1502",5.270048434649,44.3834001720125,0
"1503",-5.19851158643072,37.422163838429,0
"1506",1.31523032543669,42.2609638924001,0
"1509",-1.64219076480516,40.8916747124435,0
"1510",4.0189594621354,44.1808686368746,0
"1512",-4.05045097349589,38.2733444272752,0
"1513",1.99652845310473,42.3252739507347,0
"1515",0.604798629176308,42.4015222978283,0
"1516",-1.64502904247217,38.0514649061532,0
"1518",2.79037170753769,43.9410199549102,0
"1520",-5.35852673368354,36.6790353462545,0
"1522",5.87260086039772,43.3466925588092,0
"1525",0.724080138304793,42.6189968710645,0
"1527",-0.673740356975593,41.273390155721,0
"1528",-0.847833998143162,39.9206864962324,0
"1529",-3.86479901919117,37.1639068310649,0
"1532",1.88321691077181,44.0930107545253,0
"1534",-2.64355674647983,39.7236559925839,0
"1535",5.63495064293717,44.663100997703,0
"1536",2.02310419370205,43.1885036739733,0
"1538",-2.8537599967612,37.2077330987903,0
"1539",1.19267155164138,41.3784202407231,0
"1541",-2.8209758018874,37.6539218093672,0
"1542",-4.25728861516963,35.1607552891697,0
"1544",-0.715164056888495,39.226898824037,0
"1545",0.822317719937798,42.9909020888431,0
"1546",1.46066148922545,43.0434749362138,0
"1548",-5.41757560644826,35.8269776344259,0
"1549",2.94888373253493,43.3143781830887,0
"1552",5.97200653812571,43.5570396906522,0
"1553",-0.695829203081045,41.69439428846,0
"1554",-5.53413841902108,35.2823181873634,0
"1555",-0.180898538636477,42.2786010415558,0
"1559",6.45813022249261,43.9423144716491,0
"1560",-5.04096285990445,37.1204247943763,0
"1561",-1.8749188894491,41.4415617173856,0
"1562",3.53127014406104,44.4073878415031,0
"1563",-2.43958528304556,39.3118678177732,0
"1564",-0.20344977516026,42.3069057460767,0
"1566",2.23412283905698,42.7656855975392,0
"1568",-1.18036809107403,40.7613919972588,0
"1570",-2.76615115676207,40.429091287317,0
"1572",-5.58354518119353,37.3282897574418,0
"1573",4.41900687111617,43.7492805018882,0
"1575",-2.64789818688693,36.7452325226235,0
"1576",-2.87120835353048,37.8322394752769,0
"1583",1.78089406794199,43.5181552367196,0
"1587",2.96067288158125,43.7833071855,0
"1588",-0.891275638166012,39.5021258523807,0
"1589",-2.17898718885531,37.5201263935717,0
"1591",5.88842558940384,44.3440965743862,0
"1593",-1.30283136191829,41.0848214776353,0
"1594",3.37556839157338,44.0053221954636,0
"1595",-1.86274236102775,39.3497677564855,0
"1598",-1.57921624438457,41.0798015255374,0
"1602",-0.590784907375403,42.67583308872,0
"1604",-5.25292274304797,35.0264439137573,0
"1605",1.79911566866605,43.9513028842704,0
"1606",-0.2416225185882,38.5397834886771,0
"1607",6.17845772144694,43.1152964856061,0
"1608",0.615241337754976,41.4791750289086,0
"1609",2.66156563795554,44.3144879039295,0
"1613",1.47010134934392,43.3199599440917,0
"1614",-2.43600281917837,39.5927802763835,0
"1615",1.74790897545165,43.679550037,0
"1616",-2.89739495705044,38.6096846270702,0
"1617",-3.5703553478178,38.279651008612,0
"1618",-1.63944383030614,40.0953665978075,0
"1619",2.42785384776009,41.5893682982648,0
"1622",-2.58687357573667,37.4582794359721,0
"1623",0.895023875689562,43.1361425806423,0
"1624",1.39479871638817,42.7309670937402,0
"1627",-2.31791420627887,37.1327194173245,0
"1628",-5.84712041490841,35.4578334575795,0
"1630",-5.24158566761822,35.4602757844898,0
"1632",-6.53549087549684,37.4689492502206,0
"1634",-0.910628956282176,41.9936344940133,0
"1636",-1.65934959662555,38.635216715044,0
"1637",-0.388491115146889,41.1182078212887,0
"1644",-4.35333253369183,37.2376770112298,0
"1645",-6.32740694527734,36.7413874942683,0
"1646",4.55498582701196,43.6779658951712,0
"1648",-3.7660370113809,38.667184017532,0
"1649",-3.56174249507887,36.9141372150814,0
"1650",-1.77810078908106,41.4580903730235,0
"1652",4.02020554488492,43.7398580722676,0
"1654",5.1320028593978,44.7698673598579,0
"1656",-3.49472389632581,37.0591364990481,0
"1657",2.03779052537248,43.3022474198124,0
"1660",4.83756954193699,44.118864896043,0
"1662",-0.152167423150455,42.9922856106958,0
"1664",5.90129630903344,44.094442763354,0
"1665",-5.10158023402919,37.9545966498173,0
"1666",-0.908489697600809,38.8179245229287,0
"1667",2.94928442456522,43.8169684180512,0
"1668",-1.44881152935353,40.6463780920427,0
"1670",-2.15708069508868,39.4360855638216,0
"1671",-5.47193085733562,36.2406258671506,0
"1672",-2.02438154763621,37.0082494990287,0
"1674",6.54524507391602,43.5010675609213,0
"1677",1.39989734864319,42.1537833946724,0
"1680",-2.80807111913048,38.8955231639808,0
"1682",-1.20207215556029,40.6123593493816,0
"1683",-4.88618189378214,37.2327407261235,0
"1684",-1.71646676127936,37.6550033984696,0
"1685",-5.66542850322161,37.5226116625038,0
"1686",1.79433778166192,41.5346868135654,0
"1687",2.19675324751307,42.6181798129968,0
"1690",-2.61114712100843,36.974323470512,0
"1694",3.77001580142208,44.4233826523741,0
"1695",1.32087467197202,41.6853844513068,0
"1696",0.323871024083568,42.7839731238106,0
"1698",-2.50374568912807,40.448426498526,0
"1699",-5.03619161910683,36.4685336412599,0
"1701",-2.44720343820495,38.6795127514769,0
"1705",0.83644246402762,41.3548263605882,0
"1706",-5.3621971501413,38.2890845537045,0
"1707",5.66176800519096,43.8490722714277,0
"1710",-6.38954780873818,37.2483779548421,0
"1711",5.33510705361072,43.6033115411474,0
"1718",-4.60934578787393,37.6364372184952,0
"1720",-5.74133366371525,35.7002354910321,0
"1723",-2.59094203248954,36.9201910873375,0
"1724",1.91299274244527,42.8956393035858,0
"1725",1.94656642230841,43.703559707363,0
"1726",1.31911891627418,42.7996949049471,0
"1727",-0.209856127826083,42.4767889579536,0
"1728",-5.59195387393943,37.9910870337442,0
"1729",-1.53281158043506,40.2039813609233,0
"1730",-0.554852434846485,42.486617947057,0
"1731",-4.19398635917335,38.4138602927256,0
"1732",-4.26607936695166,37.4775902317205,0
"1734",0.289909138286719,40.7329345601577,0
"1735",4.55222658184923,44.578367264801,0
"1736",-3.21621811827561,37.1281532009755,0
"1737",1.99643192454618,42.4588698434604,0
"1738",2.65471296047308,43.6175710625461,0
"1739",-0.735824815397628,39.6369125832859,0
"1742",-0.287786272733819,40.6128374239005,0
"1745",-5.9564014142289,35.3438165960197,0
"1747",-2.3569160285436,37.102627057676,0
"1748",6.65534720361516,43.8849319574813,0
"1749",-0.248900843425544,42.6402500182618,0
"1750",-4.09390910758147,37.5589211475282,0
"1751",-1.49160700291409,37.8699133118575,0
"1752",5.69673346479542,43.4370756077328,0
"1753",-1.92532065958232,40.8087878559886,0
"1754",5.03701642992487,44.8124005912031,0
"1755",-2.80954501831972,39.4693191748949,0
"1756",-2.29238695367552,39.3256672195215,0
"1757",-2.50559288245776,38.2293133564565,0
"1760",4.08817192979552,43.7981231823295,0
"1762",3.53135491861784,43.4876354508053,0
"1765",-0.0498627477429743,39.9908201671378,0
"1766",6.47921660136696,44.0948564457558,0
"1767",-0.269515641898568,42.822474822521,0
"1768",2.60086468019323,43.3405676084204,0
"1769",-4.29396975755783,38.0034914565466,0
"1770",1.24995889291865,41.1270683629897,0
"1772",-3.02398962793419,38.1277613497985,0
"1773",-3.55611433222505,38.5362928075304,0
"1774",-0.424763468603482,40.4331480790077,0
"1775",-0.0287257564879653,42.7784591107143,0
"1777",1.88345944670338,43.8101549939689,0
"1779",-1.14789929749625,41.0055948998413,0
"1780",1.61919146572766,41.4985775534449,0
"1782",5.20489323989681,43.5979098842546,0
"1785",2.10102878885868,42.967436363151,0
"1788",-1.13382818188283,38.6241196883335,0
"1789",2.10143038841665,43.3811395248523,0
"1791",2.03014501280777,42.1895427463365,0
"1793",-0.251469973345322,42.2029149123832,0
"1794",-0.993241913704017,41.2404928602973,0
"1796",-1.8236497927415,38.1483864158947,0
"1798",-1.82119894505514,37.8399216886426,0
"1799",7.10340886293223,43.9630023193623,0
"1800",-5.25823674950435,35.2082517216564,0
"1801",4.87858751287224,43.552344683097,0
"1802",-3.58074229573606,38.6398246881983,0
"1803",-0.0566616010739152,42.7404779079789,0
"1804",-2.84360954583562,38.7195668003256,0
"1806",0.265387088992371,41.2819567683692,0
"1808",2.35677789850381,44.0449104681578,0
"1809",0.394317658553425,40.8864579005272,0
"1810",-0.28712260684355,42.4302995690973,0
"1811",-1.26638226660075,40.3208805157148,0
"1812",-2.22784660387235,41.0311738364036,0
"1813",-2.98688460601456,37.6616806272283,0
"1814",-3.06514781021061,38.5570355726003,0
"1815",-0.46746753152186,41.2906000505835,0
"1818",-1.51640601009174,38.874870298747,0
"1821",-0.829438094749681,37.8911085391495,0
"1822",-2.53836211830637,37.3962567107603,0
"1825",0.795378927780194,42.1524375998887,0
"1826",-1.5966395513654,37.6354045323565,0
"1827",-4.12796872635094,38.6000997251783,0
"1828",-6.2828155924992,36.8068213028786,0
"1829",-1.44100658205444,40.6442462384136,0
"1830",0.0369116930804605,38.7519919821723,0
"1832",-0.600427952485033,38.9776043334749,0
"1833",-1.63348631924377,37.9788626383616,0
"1834",5.58226352240684,44.1120805701886,0
"1835",-2.102361431134,39.5342634890764,0
"1836",-3.64153611483536,37.2414951560853,0
"1837",-0.399508518165175,40.7681620168524,0
"1840",-0.96068634158636,39.528486125514,0
"1842",-1.77831512418008,40.6436180945657,0
"1844",-5.81131136951897,36.1675664195105,0
"1845",5.55548354084747,43.3685935500124,0
"1847",-2.32531301638154,39.9551044593297,0
"1848",1.17262332371698,42.2166144445327,0
"1849",-2.47116702059941,40.8603939733588,0
"1851",-1.27099609014192,39.4484813159517,0
"1852",-0.834002098731774,41.7945325316519,0
"1853",-1.37510329434719,37.8389564064655,0
"1855",-5.65963173926638,35.1594338703395,0
"1856",-4.52262941532778,37.274323560217,0
"1857",0.726759453556678,42.6946345969234,0
"1858",4.41633118597505,43.7603492367828,0
"1859",3.07171091186154,44.1328058219413,0
"1860",-1.13244486002967,41.0962909574798,0
"1861",5.05454575570733,43.9708215321397,0
"1866",2.64466541104213,44.2208882633168,0
"1867",3.90905873948285,43.5894630412232,0
"1868",-1.16098248319015,40.9742856109819,0
"1869",-0.487047235625178,40.9768849674632,0
"1870",0.581324302044014,42.53094367665,0
"1871",-1.31418911480979,38.4164857658019,0
"1872",2.60070976622876,41.9345536063823,0
"1873",1.9166277518283,42.258745013666,0
"1874",1.34259522039988,43.1627436014652,0
"1876",1.84759545034365,43.2545176948805,0
"1877",-4.29763460739593,38.6151295559863,0
"1879",-0.0766968604613671,41.6319818384881,0
"1881",-2.36327621200336,41.0139061726928,0
"1882",0.198320742137494,40.974242922271,0
"1884",-4.29539648554947,37.8679649646074,0
"1887",-3.02615177723033,37.9225229148845,0
"1889",1.37119234566392,41.912977148382,0
"1891",-3.79677324688312,38.4774691420989,0
"1892",-5.13974288669387,35.1937510086928,0
"1894",-0.303783992036609,39.9134525573236,0
"1895",1.58664000953484,42.4999732876769,0
"1898",-1.8648191352469,38.2414688814626,0
"1899",-6.44078148150252,37.8047752170966,0
"1900",2.24647989801436,42.8284733358691,0
"1901",0.44664696014595,42.9167831645227,0
"1903",-6.80884001036778,37.3943454096607,0
"1904",6.57468896637251,43.7319024294473,0
"1906",-5.6655700539252,35.0706959089381,0
"1909",3.99491854758594,44.368941429658,0
"1911",-0.610873899824229,42.4555042537851,0
"1914",3.04774789287646,42.5527504431386,0
"1915",2.37891444547915,42.5279482649578,0
"1916",6.42939621573808,43.4712740106289,0
"1918",-4.1458867472549,38.5562832808064,0
"1919",1.79285594413568,43.3786099892446,0
"1920",-1.15627730973357,39.4821996434044,0
"1921",1.14132237320602,42.8512662675854,0
"1923",3.68849191433836,43.7290672334671,0
"1924",0.790119993747616,42.3586152375682,0
"1927",3.27215029777077,43.7945931659376,0
"1928",-0.225265765812409,41.8806578877102,0
"1931",-1.91761614084924,41.1729044279567,0
"1932",-3.96899321447998,37.5744126991909,0
"1933",1.88258863171401,43.6345894612759,0
"1934",-0.347576217765416,38.5410339525441,0
"1935",2.1039560953294,41.8698631632587,0
"1936",3.18301915260736,43.3886231493777,0
"1937",-0.646076257892724,39.0454465810984,0
"1940",-2.5369526232197,38.8980821510574,0
"1941",-2.40712525773717,40.6861118047494,0
"1943",1.14328432324335,41.8082657866978,0
"1944",2.58799081626696,43.0305725969733,0
"1948",0.938663727856685,42.7503983725592,0
"1950",-0.534763816879344,42.5976996942349,0
"1951",-2.04760042765304,36.9919289976258,0
"1954",-3.59861990298132,38.6585898590571,0
"1956",-2.6763219406252,40.1812884823981,0
"1958",6.6960034016258,44.4133736033156,0
"1959",5.46588239755219,44.0500806429655,0
"1960",-1.75534290614079,40.2581228330819,0
"1961",0.884897894274507,42.3144301583186,0
"1962",-1.24968710383436,38.8454492596876,0
"1963",-2.11700127646974,38.8832618200538,0
"1964",-2.08700757405034,39.2597432053524,0
"1966",2.25291019389212,41.86797999827,0
"1971",-0.741941258511747,38.8280967437687,0
"1973",6.16186188741748,43.2792555413669,0
"1976",-2.14854596395263,37.1680833156819,0
"1977",-6.12714152804034,37.3590790848355,0
"1978",-6.01462646776898,36.6821737461878,0
"1979",0.385536727637961,42.9804357088789,0
"1980",-3.29587542669841,37.8501681714324,0
"1982",-4.69791108108871,37.1105730049603,0
"1983",-0.00285934493063866,42.4542590234625,0
"1986",-0.545495537603156,42.1733495766966,0
"1990",4.23603842220977,43.7275556036507,0
"1992",2.02086572098987,41.4065681945474,0
"1993",-6.26791476041801,37.1941737986725,0
"1998",5.9746007380762,43.2700643846755,0
"2000",-2.02020958886854,39.8064235581565,0
