Population,ID,SSR_CLA02A,SSR_CLA02B,SSR_CLA16A,SSR_CLA16B,SSR_CLA19A,SSR_CLA19B,SSR_CLA22A,SSR_CLA22B,SSR_CLA26A,SSR_CLA26B,SSR_CLA28A,SSR_CLA28B,SSR_CLA35A,SSR_CLA35B,SSR_CLA40A,SSR_CLA40B,SSR_CLA43A,SSR_CLA43B,SSR_CLA58A,SSR_CLA58B,SSR_CLA62A,SSR_CLA62B,SSR_CLA70A,SSR_CLA70B,SSR_CLA72A,SSR_CLA72B,SSR_CLA80A,SSR_CLA80B,SSR_CLA82A,SSR_CLA82B,SSR_CLA83A,SSR_CLA83B,SSR_CLA91A,SSR_CLA91B,SSR_CLA92A,SSR_CLA92B,SSR_CLA94A,SSR_CLA94B,SSR_CLA96A,SSR_CLA96B
Leucate,Leucate,118,118,179,179,181,181,188,190,205,205,226,226,290,302,129,129,206,209,143,143,151,151,129,129,139,139,199,199,175,187,243,243,176,176,184,205,235,238,181,184
Leucate,Leucate,118,120,177,179,181,181,188,196,211,211,226,226,292,336,126,129,209,218,139,143,151,157,129,129,133,133,202,202,175,175,243,246,176,176,187,208,223,238,181,181
Leucate,Leucate,118,118,179,179,181,181,190,192,205,213,226,226,292,292,129,132,209,209,139,143,151,151,117,129,143,145,199,202,172,172,243,243,176,179,208,220,235,238,181,187
Leucate,Leucate,118,118,177,179,181,181,192,198,209,209,226,226,286,286,126,129,209,209,143,143,151,151,117,135,139,139,999,999,178,184,234,243,176,176,187,202,229,235,181,181
Leucate,Leucate,118,120,177,179,181,181,192,196,999,999,222,226,288,310,129,129,209,209,143,143,151,161,999,999,139,139,202,202,154,172,234,243,176,176,187,193,235,235,181,193
Leucate,Leucate,118,120,177,179,181,181,192,196,209,211,222,222,288,310,129,129,209,209,143,143,151,161,129,135,139,139,202,202,154,172,234,243,176,176,187,193,235,235,181,193
Leucate,Leucate,999,999,177,179,181,181,999,999,999,999,226,226,999,999,129,129,999,999,139,143,151,151,999,999,139,139,196,199,999,999,234,234,999,999,999,999,235,235,999,999
Leucate,Leucate,999,999,177,179,181,181,188,196,999,999,226,226,292,336,129,129,999,999,139,143,151,151,999,999,139,139,199,199,999,999,234,234,176,188,187,205,235,235,181,187
Leucate,Leucate,118,118,177,177,181,181,188,188,999,999,226,226,288,336,126,129,209,227,999,999,157,157,117,135,999,999,199,202,175,195,243,243,188,200,202,205,223,235,999,999
Leucate,Leucate,118,126,177,177,181,181,190,196,207,211,226,226,310,336,126,126,209,224,143,147,151,151,117,133,125,143,199,202,175,178,243,243,176,197,187,214,235,235,181,184
Leucate,Leucate,118,120,177,179,181,181,192,196,213,213,222,222,288,310,126,129,209,221,137,137,155,155,117,133,125,125,199,199,154,187,234,243,176,176,202,208,235,235,181,193
Leucate,Leucate,118,126,177,179,181,181,190,190,205,205,226,226,292,336,126,129,209,209,143,143,163,163,117,141,133,143,199,199,172,189,243,246,176,176,205,205,235,235,178,181
Leucate,Leucate,118,120,177,177,181,181,188,192,205,213,226,226,286,336,126,129,197,200,139,147,151,157,117,135,139,139,199,202,172,175,243,243,176,188,187,202,235,235,181,184
Leucate,Leucate,118,118,177,179,181,181,190,192,205,207,226,226,288,296,126,129,209,218,143,143,151,151,117,139,139,139,196,199,175,195,234,243,176,179,202,202,235,238,178,181
Leucate,Leucate,118,118,177,177,181,181,188,188,207,213,226,226,288,336,126,129,209,227,139,147,157,157,117,135,133,145,202,202,175,195,243,243,188,200,202,202,223,235,181,187
Leucate,Leucate,118,120,177,177,181,181,188,196,205,209,226,226,310,336,129,132,224,233,143,143,151,151,117,117,139,145,199,202,178,178,243,243,176,179,205,205,235,235,181,181
Lapalme,Lapalme,118,144,177,179,181,181,188,192,205,207,226,226,292,310,126,129,209,209,139,143,161,161,133,141,133,143,199,199,175,175,243,243,176,176,187,202,238,238,181,181
Lapalme,Lapalme,118,120,177,177,181,181,192,192,209,213,222,222,292,292,129,129,200,200,143,143,151,151,133,141,145,145,202,202,175,175,240,243,173,176,202,202,235,235,181,181
Lapalme,Lapalme,118,120,177,177,181,181,190,190,207,207,226,226,300,300,129,132,200,209,143,143,151,161,999,999,999,999,202,202,999,999,234,243,176,176,187,223,238,238,181,181
Lapalme,Lapalme,120,120,177,177,181,181,188,192,205,213,226,226,292,298,129,129,209,209,143,143,151,151,135,139,133,145,202,202,175,187,243,243,176,179,202,202,235,238,181,181
Lapalme,Lapalme,118,144,177,181,181,181,188,198,207,207,226,226,292,298,132,132,224,227,143,143,151,151,133,141,133,147,199,199,166,175,234,234,176,176,202,202,235,235,181,184
Lapalme,Lapalme,120,144,177,179,181,181,192,198,207,213,226,226,292,302,129,132,209,218,143,143,161,161,133,133,143,145,999,999,172,189,243,243,176,182,187,205,235,238,181,184
Lapalme,Lapalme,118,120,177,179,181,181,192,196,205,207,226,226,290,292,129,132,200,209,140,143,151,151,137,145,133,145,202,202,172,187,243,243,173,176,187,202,235,235,181,184
Lapalme,Lapalme,118,120,177,179,181,181,190,198,209,213,226,226,292,300,129,132,209,227,143,145,161,161,135,141,133,145,999,999,166,172,234,234,176,176,202,202,235,235,184,184
Lapalme,Lapalme,118,120,177,177,181,181,190,190,207,207,226,226,292,308,129,129,209,215,143,143,161,161,135,145,143,143,199,199,172,175,243,243,176,179,202,214,235,235,181,184
Lapalme,Lapalme,118,118,177,177,181,181,190,192,207,207,226,226,290,292,129,132,197,221,143,145,151,161,135,145,133,145,202,202,163,175,234,243,170,179,202,202,235,238,181,184
Lapalme,Lapalme,118,118,177,179,175,181,192,192,205,209,226,226,292,292,129,132,209,212,139,145,151,151,117,133,151,151,203,203,166,166,240,243,170,179,202,214,235,235,181,181
Lapalme,Lapalme,118,118,179,179,181,181,192,198,205,207,226,226,308,310,129,132,200,209,139,143,151,151,141,145,141,145,202,202,175,175,243,243,179,182,187,202,235,235,181,184
Lapalme,Lapalme,118,120,177,177,181,181,190,198,207,207,226,226,292,298,129,129,209,218,143,145,151,161,137,141,133,145,187,199,175,175,234,243,176,176,187,205,235,238,178,181
Lapalme,Lapalme,118,140,177,177,181,181,192,192,207,209,226,226,292,292,129,129,209,218,143,143,151,161,133,139,143,145,999,999,157,157,234,243,176,182,205,223,235,235,181,184
Lapalme,Lapalme,114,118,177,177,181,181,192,192,207,209,226,226,290,290,126,129,209,209,143,143,151,161,137,145,999,999,199,199,166,175,234,234,176,179,208,214,235,238,181,184
Gruissan,Gruissan,118,118,177,179,181,181,190,196,207,207,226,226,288,292,126,132,236,236,145,145,151,151,117,137,145,145,187,199,172,175,234,243,176,176,187,187,235,235,184,184
Gruissan,Gruissan,118,120,177,177,181,181,190,190,207,213,226,226,294,294,120,129,206,209,143,143,151,151,117,137,139,145,199,202,172,172,243,243,179,179,187,226,235,235,181,181
Gruissan,Gruissan,118,118,177,179,181,181,190,196,209,209,226,226,290,294,126,132,206,209,139,139,151,151,117,137,139,145,199,199,175,178,243,243,167,176,187,187,235,235,181,181
Gruissan,Gruissan,118,118,177,177,181,181,192,192,207,211,226,226,290,290,126,132,209,233,143,145,151,151,133,137,143,145,999,999,172,175,243,243,176,185,187,202,235,235,181,181
Gruissan,Gruissan,118,118,177,179,181,181,190,190,207,209,226,226,294,294,129,132,209,209,145,145,151,151,117,133,139,139,999,999,175,175,243,243,176,185,187,202,235,235,181,181
Gruissan,Gruissan,118,118,177,177,181,181,190,198,207,209,226,226,290,294,120,126,218,218,137,137,151,155,133,147,139,145,202,202,172,175,243,243,176,188,187,187,235,235,181,184
Gruissan,Gruissan,118,118,179,179,181,181,190,192,207,207,226,226,282,292,126,132,218,236,143,143,151,151,117,137,145,145,199,199,172,175,234,243,179,185,187,187,235,235,181,184
Gruissan,Gruissan,118,118,177,179,181,181,192,196,207,211,226,226,294,296,120,132,209,209,145,145,151,151,137,147,999,999,187,187,175,175,234,243,179,194,187,202,235,235,181,181
Gruissan,Gruissan,118,118,177,177,181,181,190,190,207,211,226,226,294,302,120,120,206,224,137,137,151,151,137,147,139,145,202,202,172,172,243,243,176,179,187,187,223,235,181,181
Gruissan,Gruissan,118,118,177,179,181,181,190,192,211,211,226,226,294,302,120,126,224,224,137,145,151,151,137,147,139,145,199,199,172,172,234,243,176,179,187,202,223,235,181,181
Gruissan,Gruissan,118,118,179,179,181,181,190,192,207,211,226,226,294,294,120,126,209,209,137,145,151,151,117,147,139,145,999,999,172,175,243,243,179,194,187,202,235,235,181,181
Gruissan,Gruissan,118,118,177,179,181,181,196,196,207,209,226,226,290,292,120,120,209,209,143,143,151,155,999,999,133,139,202,202,172,175,243,243,185,185,187,187,235,235,181,184
Gruissan,Gruissan,118,118,177,179,181,181,190,190,207,207,226,226,292,294,120,129,209,209,137,145,151,157,117,147,145,145,199,202,172,175,243,243,176,179,187,199,223,235,181,181
Gruissan,Gruissan,118,118,177,179,181,181,192,194,209,209,226,226,292,294,132,132,233,233,143,143,155,155,117,137,139,145,199,199,175,175,243,243,176,185,187,187,235,235,184,187
Ceyreste,Ceyreste,118,120,177,177,175,181,188,188,207,211,226,226,302,320,120,126,209,209,143,149,157,157,135,149,147,147,199,199,154,172,234,234,170,182,193,229,235,235,178,181
Ceyreste,Ceyreste,120,120,177,177,153,175,192,192,207,207,226,226,292,302,126,126,206,206,143,149,159,159,135,149,147,147,199,199,172,187,234,234,170,182,187,187,232,232,178,181
Ceyreste,Ceyreste,120,120,177,177,175,181,192,192,207,207,226,226,292,296,126,126,218,218,143,143,157,157,135,135,147,147,199,199,187,187,234,234,179,182,193,193,232,232,181,181
Ceyreste,Ceyreste,118,118,177,177,153,175,188,188,205,207,226,226,298,310,126,126,209,209,143,143,157,157,133,133,145,145,199,199,154,154,234,234,179,182,187,193,232,232,178,181
Ceyreste,Ceyreste,120,120,177,177,175,181,192,192,207,207,226,226,292,298,126,129,218,218,143,149,157,157,133,133,145,147,199,199,154,154,234,234,170,170,187,229,999,999,178,178
Ceyreste,Ceyreste,118,118,177,177,181,181,188,192,207,211,226,226,294,294,120,126,209,209,143,151,157,157,133,149,145,147,199,199,172,187,234,234,170,182,211,226,999,999,178,184
Ceyreste,Ceyreste,118,118,177,179,175,175,192,192,207,211,224,224,292,294,126,129,218,218,143,143,157,157,133,149,145,145,199,199,154,172,234,234,170,170,187,211,238,238,178,178
Ceyreste,Ceyreste,118,118,177,177,153,175,188,192,207,211,226,226,292,302,126,126,209,209,143,143,157,159,133,135,145,165,199,202,154,154,234,234,185,185,211,226,229,235,181,181
Ceyreste,Ceyreste,118,120,177,177,181,181,188,192,207,211,226,226,296,310,126,129,203,203,149,149,157,157,133,149,145,147,199,199,154,187,234,234,170,185,193,193,235,235,178,178
Ceyreste,Ceyreste,118,120,177,179,153,181,188,192,207,211,226,226,296,310,120,126,209,209,143,143,153,157,135,149,145,147,187,199,187,187,234,234,170,182,193,193,232,232,181,181
Ceyreste,Ceyreste,118,120,177,177,175,175,188,192,211,211,224,224,306,310,126,129,209,209,143,143,999,999,135,143,141,141,199,199,172,187,234,234,170,179,193,193,235,238,181,181
Ceyreste,Ceyreste,999,999,177,179,175,181,190,192,207,207,226,226,999,999,126,126,999,999,999,999,999,999,999,999,999,999,199,199,999,999,234,234,999,999,205,211,999,999,999,999
Ceyreste,Ceyreste,120,120,177,177,175,181,188,192,205,207,224,226,276,310,126,126,206,206,143,143,161,161,133,135,145,145,199,199,154,154,234,234,182,182,193,193,232,232,178,178
Ceyreste,Ceyreste,118,120,177,177,153,175,192,192,211,211,224,224,292,294,126,126,218,218,143,143,157,157,135,149,145,145,199,199,154,187,234,234,170,170,193,211,229,238,178,181
Castellet,Castellet,120,120,177,179,153,175,198,198,211,215,226,226,292,292,126,126,215,215,143,143,187,187,133,133,145,145,999,999,175,189,234,243,170,182,187,187,238,238,205,205
Castellet,Castellet,116,116,177,179,153,181,192,198,211,215,226,226,294,314,126,129,215,215,143,155,157,157,135,135,145,145,187,199,178,178,234,234,170,179,193,193,232,232,178,178
Castellet,Castellet,118,118,177,177,175,175,192,192,207,211,226,226,294,314,126,126,203,203,145,153,189,189,135,135,145,145,187,187,187,189,234,234,170,170,187,187,232,232,184,205
Castellet,Castellet,118,120,177,177,175,175,188,192,207,211,226,226,294,296,126,126,203,203,145,155,153,157,135,149,125,125,187,214,154,154,234,234,170,182,193,205,232,232,178,205
Castellet,Castellet,118,120,177,177,153,181,188,192,215,215,226,226,294,302,126,126,212,215,143,143,157,161,133,135,125,143,187,217,178,187,234,234,179,182,187,193,232,232,178,181
Castellet,Castellet,118,118,177,177,175,175,192,198,207,207,226,226,292,294,126,129,212,212,143,145,157,157,133,135,165,165,202,214,187,187,234,243,170,170,187,211,232,232,178,181
Castellet,Castellet,120,120,177,177,175,175,192,192,207,207,226,226,294,302,120,129,215,215,145,145,157,157,133,135,125,125,187,187,187,187,234,243,170,179,187,193,232,232,178,178
Castellet,Castellet,118,118,177,177,175,181,188,188,211,215,224,226,294,306,126,126,207,207,143,155,157,157,135,135,125,125,187,214,154,178,234,234,170,182,187,199,232,232,178,181
Castellet,Castellet,118,118,177,177,175,175,188,192,207,211,226,226,302,314,126,126,209,209,145,145,191,191,135,135,145,145,187,214,172,175,234,234,170,170,193,211,232,232,193,205
Castellet,Castellet,118,118,177,177,181,181,188,190,211,211,226,226,292,294,126,129,215,215,145,145,157,157,133,133,145,145,999,999,154,178,234,234,170,179,193,199,232,232,178,184
Castellet,Castellet,118,120,177,177,175,175,188,192,205,211,226,226,302,322,126,129,215,215,145,145,157,157,133,133,125,125,187,214,187,187,234,234,182,182,187,193,232,232,178,181
Castellet,Castellet,118,118,177,177,175,181,188,192,207,211,224,226,294,294,126,129,209,215,149,153,155,157,133,133,141,147,187,214,178,187,234,234,170,170,187,193,232,232,178,181
Castellet,Castellet,118,118,177,177,175,175,188,198,211,211,226,226,276,314,126,129,212,215,143,155,157,157,135,135,145,145,187,187,187,187,234,243,170,179,205,226,232,232,178,181
Castellet,Castellet,118,118,177,177,175,175,188,192,205,215,226,226,294,294,126,126,206,206,155,155,157,157,135,149,145,145,199,199,154,187,234,243,170,179,187,205,232,232,178,178
Castellet,Castellet,118,120,177,177,153,175,188,190,213,215,226,226,296,310,126,129,215,215,143,145,193,193,133,133,145,145,187,187,154,187,234,234,170,179,193,193,244,244,178,181
Castellet,Castellet,118,120,177,177,175,181,188,188,211,215,226,226,294,302,126,126,206,206,145,149,195,195,133,149,145,145,187,187,172,187,234,234,170,179,193,205,232,232,178,178
Castellet,Castellet,114,114,177,177,153,175,190,192,211,211,226,226,302,302,126,129,230,215,145,145,157,157,133,149,145,147,187,187,187,187,234,234,170,179,193,193,232,232,178,178
Castellet,Castellet,118,120,177,177,175,175,190,192,211,213,226,226,302,314,126,126,200,200,143,145,157,157,133,135,145,145,187,199,178,187,234,234,170,179,187,193,238,244,178,181
Castellet,Castellet,118,118,177,177,175,181,192,192,211,211,226,226,292,302,129,129,215,215,143,145,157,157,133,133,147,147,187,187,178,187,234,234,170,182,193,193,232,232,178,178
Castellet,Castellet,118,118,177,177,175,181,188,192,211,215,226,226,292,294,126,126,209,209,145,155,157,157,133,149,125,125,199,199,178,187,234,243,170,179,193,193,232,238,178,205
Castellet,Castellet,118,118,177,177,175,175,188,192,205,215,226,226,294,296,126,126,215,218,143,145,161,161,133,133,145,147,187,187,154,189,234,234,179,182,193,193,235,238,178,178
Castellet,Castellet,118,118,177,177,175,181,192,192,211,211,226,226,292,292,126,126,215,215,149,149,157,157,149,149,145,145,187,217,178,187,234,243,170,179,193,193,232,232,178,184
Castellet,Castellet,118,118,177,177,153,181,188,192,211,211,226,226,298,302,126,126,206,206,143,145,157,157,133,149,145,145,199,199,187,189,234,234,170,170,193,205,232,232,178,178
Castellet,Castellet,120,120,177,177,175,175,190,198,211,211,226,226,276,296,120,126,203,203,143,145,157,157,133,135,145,145,187,187,187,187,234,234,170,179,187,193,235,238,181,184
Castellet,Castellet,118,118,177,177,153,175,192,198,207,211,226,226,292,294,120,126,209,209,145,149,157,157,135,149,145,145,187,187,154,175,234,243,170,179,193,205,229,229,178,178
Castellet,Castellet,118,118,177,177,175,175,192,192,211,211,226,226,294,294,126,129,203,218,152,155,151,151,135,149,125,125,199,199,154,172,234,234,179,182,193,205,232,238,181,184
Castellet,Castellet,114,114,177,177,175,175,188,192,211,211,226,226,294,294,126,126,206,206,145,145,157,157,133,135,145,145,187,187,154,178,234,234,170,182,193,199,232,232,178,184
Castellet,Castellet,120,120,177,177,175,181,192,198,207,207,226,226,292,296,126,126,215,215,143,143,157,157,133,135,145,145,187,187,154,187,234,234,179,182,193,193,232,232,181,205
Castellet,Castellet,118,118,177,177,153,181,188,198,207,207,226,226,294,314,126,129,999,999,145,145,157,157,133,135,145,145,199,199,178,187,234,243,170,182,193,211,232,232,178,178
Castellet,Castellet,118,120,177,177,153,175,198,198,211,215,224,224,276,314,126,126,206,206,143,145,157,157,135,149,147,147,199,199,187,189,234,243,170,179,187,193,232,235,178,205
Castellet,Castellet,118,118,177,177,153,181,192,198,207,207,226,226,276,294,126,126,212,212,143,149,157,157,135,135,145,145,999,999,178,187,234,234,170,170,205,211,232,232,178,184
Serra_Sp,Serra_Sp,118,118,177,177,181,181,190,190,205,213,222,226,288,302,126,126,206,209,137,137,151,151,135,139,145,145,202,202,172,172,234,243,176,185,202,226,235,235,181,193
Serra_Sp,Serra_Sp,118,118,177,179,181,181,190,198,207,213,226,226,290,292,126,129,209,209,139,139,151,151,143,145,143,145,199,199,999,999,234,234,176,185,202,214,235,235,181,181
Serra_Sp,Serra_Sp,118,118,177,177,181,181,190,192,205,207,226,226,292,292,129,129,206,224,145,145,151,151,135,135,145,145,202,202,999,999,234,243,176,185,205,205,235,235,181,193
Serra_Sp,Serra_Sp,118,118,177,177,181,181,190,192,205,213,222,226,296,302,129,132,209,209,137,143,151,151,133,135,139,143,202,202,172,172,234,243,179,182,202,205,235,235,181,181
Serra_Sp,Serra_Sp,118,118,177,177,181,181,190,190,205,205,226,226,302,302,129,132,209,209,152,152,151,151,135,135,145,145,196,199,172,175,234,243,176,179,202,205,235,235,184,193
Serra_Sp,Serra_Sp,118,118,177,179,181,181,192,192,205,205,222,226,288,290,126,129,221,221,999,999,151,151,135,145,145,145,202,202,999,999,234,243,179,185,199,205,238,238,181,193
Serra_Sp,Serra_Sp,118,140,177,177,181,181,192,198,205,213,222,226,302,302,129,129,209,212,143,143,151,151,125,143,143,145,199,202,166,175,234,243,176,182,199,205,235,235,181,181
Serra_Sp,Serra_Sp,118,118,177,179,181,181,190,190,205,205,226,226,298,302,126,126,209,209,143,143,151,151,129,145,139,143,202,202,172,178,234,243,179,179,226,226,223,235,181,193
Serra_Sp,Serra_Sp,118,118,177,179,181,181,190,192,205,205,226,226,294,304,126,129,209,209,143,143,151,151,143,145,139,145,999,999,172,187,234,243,179,179,193,226,223,235,181,181
Serra_Sp,Serra_Sp,118,118,177,177,181,181,190,192,213,213,226,226,288,302,129,129,209,209,145,145,151,151,135,135,139,139,199,199,172,172,243,243,176,176,187,205,235,235,181,181
Roja_Sp,Roja_Sp,118,118,177,177,181,181,192,192,205,213,226,226,296,298,129,129,206,209,152,155,151,151,129,139,145,145,199,199,175,175,234,234,173,182,187,202,238,241,181,181
Roja_Sp,Roja_Sp,118,118,183,183,181,181,190,190,205,205,226,226,302,302,126,129,197,206,143,143,151,193,133,135,145,145,187,202,175,175,234,243,182,182,196,202,235,235,181,181
Roja_Sp,Roja_Sp,118,120,177,179,181,181,192,194,207,211,226,226,290,298,126,132,206,215,139,139,151,151,123,135,143,145,202,202,172,175,234,243,179,185,187,202,223,238,181,181
Roja_Sp,Roja_Sp,118,120,177,183,175,181,190,198,205,211,222,226,290,302,126,126,218,218,139,139,151,151,133,133,139,145,202,202,175,178,243,243,176,185,187,229,238,238,181,181
Roja_Sp,Roja_Sp,118,120,177,177,181,181,190,198,205,207,226,226,290,302,126,129,197,206,140,157,151,151,123,139,133,143,202,202,175,184,243,243,179,182,187,202,241,241,181,193
Roja_Sp,Roja_Sp,118,118,177,177,181,181,190,192,205,207,226,226,296,302,129,132,206,209,143,143,157,157,129,133,133,145,199,202,175,175,243,243,179,182,202,205,241,241,181,193
Roja_Sp,Roja_Sp,118,118,177,183,181,181,190,198,207,207,226,226,296,302,129,129,215,215,999,999,151,151,137,137,133,133,199,199,172,184,234,243,179,182,187,214,235,235,181,181
Roja_Sp,Roja_Sp,118,118,177,183,181,181,190,192,205,207,222,226,298,302,126,132,209,218,152,152,193,193,133,135,143,145,202,202,175,175,234,234,173,176,202,205,238,238,181,181
Roja_Sp,Roja_Sp,118,120,177,179,175,181,190,192,205,207,226,226,292,298,126,129,206,209,139,143,151,151,129,133,145,145,202,202,175,175,234,243,182,182,187,202,241,241,181,181
Roja_Sp,Roja_Sp,118,118,177,179,181,181,190,192,209,211,222,226,298,310,129,132,209,209,143,143,151,151,129,133,145,145,202,202,175,175,234,243,176,179,187,205,238,238,181,181
Roja_Sp,Roja_Sp,118,118,177,179,181,181,190,192,207,211,222,226,298,302,129,129,197,218,143,143,151,151,131,147,999,999,202,202,166,175,243,243,185,185,205,211,223,235,181,193
Roja_Sp,Roja_Sp,118,120,177,177,175,181,190,198,205,207,224,226,288,298,129,129,206,209,143,143,151,151,123,133,145,145,202,202,175,178,234,234,176,176,202,205,235,235,181,181
Roja_Sp,Roja_Sp,118,118,177,177,181,181,192,192,205,207,222,226,290,302,126,126,197,206,152,152,151,151,135,139,145,145,202,202,175,178,234,243,179,182,202,211,235,235,181,181
Roja_Sp,Roja_Sp,118,118,177,183,181,181,190,198,205,205,224,226,288,298,126,132,197,206,143,143,193,193,133,133,133,133,199,202,163,175,234,234,182,182,199,229,235,235,181,184
Roja_Sp,Roja_Sp,118,118,177,183,181,181,190,192,207,207,226,226,292,302,126,129,218,218,152,152,151,151,129,133,133,133,202,202,175,175,234,243,176,185,199,205,235,235,181,181
Roja_Sp,Roja_Sp,120,126,177,183,181,181,190,192,211,211,224,226,288,294,129,132,209,218,137,139,151,155,135,139,139,143,190,202,184,189,234,243,176,182,205,217,235,238,181,181
Roja_Sp,Roja_Sp,118,120,177,177,181,181,190,192,205,211,226,226,290,298,126,129,206,209,147,147,151,151,117,133,141,143,199,202,175,178,243,243,176,179,205,211,238,238,181,181
Roja_Sp,Roja_Sp,118,120,177,179,175,181,192,198,205,207,222,222,290,302,129,132,197,218,139,143,151,157,129,137,133,141,199,199,175,178,234,243,179,185,202,202,235,238,181,181
Roja_Sp,Roja_Sp,118,118,177,179,181,181,190,192,211,211,222,226,290,304,132,132,197,206,143,147,151,151,135,137,145,145,199,199,175,178,243,243,179,182,202,205,235,235,181,181
Roja_Sp,Roja_Sp,118,118,177,177,181,181,190,192,209,211,226,226,288,292,129,132,197,206,139,139,151,157,117,135,133,143,199,202,172,178,234,234,176,176,214,220,238,238,181,181
Roja_Sp,Roja_Sp,118,118,177,177,175,181,190,198,209,209,226,226,288,300,126,132,206,209,139,139,151,157,117,137,133,139,199,202,172,184,234,234,179,182,205,211,235,238,181,184
Roja_Sp,Roja_Sp,118,118,177,179,181,181,190,192,205,209,222,226,292,304,129,132,206,218,139,143,151,151,129,133,139,145,202,202,175,178,234,243,176,185,187,205,235,235,181,181
Roja_Sp,Roja_Sp,118,120,177,183,181,181,190,192,207,209,222,226,290,292,126,129,206,209,139,139,151,151,129,145,139,145,199,202,175,184,234,243,176,176,187,211,238,244,181,181
Roja_Sp,Roja_Sp,118,120,177,183,181,181,190,192,207,207,226,226,288,302,129,132,206,221,143,143,151,151,135,145,139,143,199,199,175,178,234,243,176,182,211,217,235,238,181,181
Roja_Sp,Roja_Sp,118,118,177,177,181,181,188,190,209,211,222,226,298,310,129,129,206,209,137,143,151,151,117,129,139,145,199,202,163,175,243,243,176,179,187,187,223,238,181,181
Roja_Sp,Roja_Sp,118,118,177,177,181,181,190,198,205,211,226,226,292,302,126,126,206,218,143,143,151,151,117,137,139,143,199,202,166,175,237,243,176,176,202,205,238,238,181,181
Roja_Sp,Roja_Sp,118,118,177,177,175,181,190,190,211,211,226,226,288,302,126,132,206,218,143,143,151,151,123,139,139,143,190,199,175,181,234,234,176,176,202,216,235,235,181,181
Roja_Sp,Roja_Sp,118,118,177,177,181,181,190,192,211,211,226,226,288,292,129,132,197,206,143,143,151,151,117,123,139,143,205,205,175,181,234,240,176,185,202,205,235,235,181,181
Roja_Sp,Roja_Sp,118,118,177,179,181,181,190,190,207,211,226,226,292,298,126,132,197,206,139,143,151,151,123,139,143,145,190,202,172,178,234,234,182,185,196,202,238,238,181,181
Roja_Sp,Roja_Sp,118,118,177,179,181,181,190,198,211,211,226,226,292,292,129,132,206,218,139,143,151,155,137,139,143,145,199,202,175,175,234,243,176,185,187,205,238,238,181,181
Roja_Sp,Roja_Sp,118,118,177,177,181,181,190,196,205,207,226,226,290,302,129,129,206,215,143,143,151,151,129,137,145,145,202,202,172,175,234,234,176,185,187,187,223,235,181,181
Roja_Sp,Roja_Sp,120,140,177,177,181,181,190,192,205,209,222,222,288,296,126,129,206,209,139,139,151,151,133,135,133,133,199,199,172,178,234,234,176,185,196,202,238,238,181,181
Roja_Sp,Roja_Sp,118,120,177,177,181,181,190,192,205,207,226,226,286,308,129,129,197,206,139,143,151,151,117,139,143,145,196,199,178,184,234,243,176,182,187,187,235,238,181,181
Conques_Sp,Conques_Sp,120,120,177,177,181,181,192,196,205,207,226,226,288,298,126,129,209,209,137,145,151,151,127,141,133,133,999,999,175,187,243,243,176,182,187,208,238,238,181,193
Conques_Sp,Conques_Sp,118,120,179,179,181,181,190,192,205,209,226,226,288,292,129,129,215,215,145,145,151,155,139,141,143,145,199,211,181,181,234,234,167,176,211,211,235,235,181,181
Conques_Sp,Conques_Sp,120,120,177,179,175,181,188,190,205,207,226,226,288,296,129,129,215,215,145,145,151,167,117,139,133,133,202,202,999,999,243,243,179,185,187,202,235,235,181,181
Conques_Sp,Conques_Sp,118,118,177,177,181,181,190,196,207,209,226,226,292,332,126,129,209,215,143,143,151,151,139,141,143,143,199,199,154,172,234,243,176,185,187,205,235,235,181,181
Conques_Sp,Conques_Sp,118,120,177,179,181,181,190,190,207,213,226,226,288,298,126,129,215,215,143,145,151,155,123,139,133,145,202,202,181,181,234,234,167,185,187,211,238,238,181,181
Conques_Sp,Conques_Sp,118,120,177,179,181,181,190,194,205,213,226,226,288,298,126,129,215,215,145,145,155,167,123,123,999,999,202,202,175,181,234,234,176,185,199,205,235,235,181,181
Conques_Sp,Conques_Sp,118,120,177,179,181,181,190,190,207,213,226,226,288,298,126,129,215,215,143,145,151,151,139,141,145,145,202,202,182,182,234,234,176,185,211,211,235,235,181,187
Conques_Sp,Conques_Sp,118,118,177,179,175,181,188,194,205,215,226,226,288,288,126,129,200,215,143,145,167,167,123,123,143,143,202,202,175,187,234,234,176,185,187,205,235,235,181,181
Alcai_Sp,Alcai_Sp,118,118,179,179,181,181,188,200,207,209,226,226,294,296,129,129,197,206,139,143,157,157,123,123,143,143,199,202,172,189,234,234,167,188,214,223,232,235,178,178
Alcai_Sp,Alcai_Sp,120,126,179,179,181,181,188,190,207,213,226,226,290,294,120,129,209,221,143,143,151,157,135,135,133,133,199,199,172,178,234,234,176,185,190,205,235,235,181,205
Alcai_Sp,Alcai_Sp,118,118,177,177,181,181,188,190,205,207,224,224,288,332,129,129,206,206,139,145,151,151,133,135,133,143,199,202,172,172,234,243,176,176,205,211,235,235,193,193
Alcai_Sp,Alcai_Sp,118,118,177,179,181,181,190,196,205,217,226,226,288,332,132,132,218,218,143,143,151,163,133,135,139,139,199,199,187,187,234,234,167,185,199,220,226,235,181,193
Alcai_Sp,Alcai_Sp,118,118,177,179,181,181,188,190,207,213,226,226,294,312,120,129,209,221,139,139,151,151,139,145,143,143,187,226,154,187,234,246,176,182,202,205,232,235,181,181
Alcai_Sp,Alcai_Sp,118,118,177,179,153,181,194,200,205,209,226,226,294,312,129,129,206,206,143,143,157,157,123,135,133,143,187,202,172,189,234,234,182,182,205,217,235,235,178,181
Alcai_Sp,Alcai_Sp,118,118,177,179,181,181,190,200,207,207,226,226,294,310,129,132,197,224,137,143,163,163,135,135,133,133,187,202,157,172,234,243,176,176,193,205,226,229,178,193
Alcai_Sp,Alcai_Sp,118,118,177,179,153,181,192,194,205,205,224,224,292,312,120,129,206,206,139,139,159,159,123,133,143,143,999,999,172,172,234,234,176,176,205,217,235,235,181,181
Alcai_Sp,Alcai_Sp,118,118,177,179,153,181,190,196,209,213,226,226,310,320,129,129,209,224,139,143,151,151,135,139,143,145,202,202,172,172,234,243,176,185,202,205,229,235,178,181
Alcai_Sp,Alcai_Sp,118,118,179,179,153,181,190,194,205,207,226,226,294,308,120,120,206,209,139,139,155,157,133,135,133,133,199,202,172,187,234,234,176,176,205,214,232,235,193,193
Alcai_Sp,Alcai_Sp,118,120,177,177,181,181,188,190,207,207,226,226,999,999,999,999,206,218,143,143,151,155,135,145,133,143,199,199,172,172,234,243,182,185,205,220,999,999,178,181
Alcai_Sp,Alcai_Sp,120,126,177,177,181,181,190,192,209,217,222,226,294,308,126,129,200,224,145,145,157,157,133,135,143,145,199,199,172,172,234,234,176,185,186,211,229,235,181,181
Alcai_Sp,Alcai_Sp,118,118,177,177,181,181,190,192,207,207,226,226,288,312,126,129,206,206,139,139,151,151,123,145,143,143,196,196,154,175,234,234,176,176,205,205,235,235,181,202
Alcai_Sp,Alcai_Sp,118,124,179,179,181,181,190,192,207,209,222,222,294,308,129,132,206,209,143,143,157,157,123,135,143,143,199,202,157,172,234,243,188,188,190,220,229,235,178,193
Alcai_Sp,Alcai_Sp,118,118,177,177,181,181,188,190,205,205,226,226,294,294,126,129,209,209,139,139,151,151,133,139,125,125,187,199,172,172,234,234,182,185,187,214,229,235,178,181
Alcai_Sp,Alcai_Sp,120,120,177,179,175,181,188,192,207,207,226,226,292,294,129,129,206,215,137,139,151,151,135,139,143,143,199,199,172,172,234,234,173,182,190,220,235,238,193,205
Alcai_Sp,Alcai_Sp,118,118,177,179,181,181,190,192,205,213,226,226,288,298,126,129,218,221,143,143,151,151,117,133,143,143,202,202,172,175,234,243,185,185,186,205,229,229,181,181
Alcai_Sp,Alcai_Sp,118,120,179,181,181,181,188,190,213,213,226,226,300,302,120,129,197,206,143,151,155,155,117,133,133,147,199,199,178,187,234,243,176,182,187,205,229,235,181,181
Alcai_Sp,Alcai_Sp,120,120,177,179,181,181,190,192,207,217,226,226,292,294,120,132,197,224,139,139,151,161,137,139,143,145,199,202,157,172,234,243,167,179,190,220,238,238,178,193
Alcai_Sp,Alcai_Sp,118,118,177,179,181,181,190,196,207,207,222,226,290,292,129,132,206,209,139,153,157,157,123,143,143,143,199,199,172,172,234,243,167,182,205,217,229,235,178,181
Alcai_Sp,Alcai_Sp,120,120,177,177,181,181,188,190,213,217,222,226,308,310,120,129,206,209,139,145,151,155,117,129,133,143,199,202,172,175,234,243,176,176,193,205,229,235,178,181
Alcai_Sp,Alcai_Sp,118,118,177,179,181,181,184,192,207,207,222,222,292,310,120,129,209,224,143,143,151,155,127,133,133,133,202,202,172,172,234,234,176,179,187,205,235,235,181,193
Alcai_Sp,Alcai_Sp,118,118,177,179,181,181,190,192,205,205,222,226,310,312,126,129,206,221,139,143,151,151,133,135,143,143,196,199,172,187,234,243,176,176,217,226,235,235,181,193
Alcai_Sp,Alcai_Sp,118,118,177,177,181,181,188,190,207,209,222,226,290,310,120,129,206,209,139,139,151,163,123,135,143,143,199,199,172,189,234,243,176,182,190,202,235,238,181,193
Alcai_Sp,Alcai_Sp,118,118,179,179,181,181,186,200,205,209,222,226,294,298,126,132,197,206,139,139,151,155,135,139,133,143,202,202,175,178,234,234,194,194,186,205,235,238,178,193
Alcai_Sp,Alcai_Sp,118,118,177,179,181,181,190,190,207,209,226,226,294,332,120,129,209,224,137,137,157,157,117,145,143,147,199,199,172,172,234,234,176,176,187,205,232,235,178,193
Alcai_Sp,Alcai_Sp,118,120,177,177,181,181,190,192,205,207,222,226,294,314,120,132,206,209,147,147,151,151,127,133,145,145,202,202,157,172,234,243,185,185,202,205,232,235,181,181
Alcai_Sp,Alcai_Sp,118,120,179,179,181,181,190,200,207,207,222,226,292,310,129,132,206,209,143,143,151,151,123,133,143,143,199,199,175,175,234,243,176,182,205,211,229,235,193,205
Alcai_Sp,Alcai_Sp,118,118,177,179,181,181,190,196,207,207,226,226,290,314,129,129,206,224,139,145,151,151,123,123,143,143,199,199,172,175,234,234,176,176,187,205,229,241,178,181
Alcai_Sp,Alcai_Sp,118,118,177,177,181,181,188,190,205,205,226,226,292,294,126,129,209,209,141,141,151,151,133,139,133,133,199,202,172,172,234,234,182,185,187,214,229,235,178,181
Alcai_Sp,Alcai_Sp,118,118,179,179,153,181,190,194,205,207,224,224,294,308,129,129,206,209,139,139,155,157,133,135,133,133,199,202,172,187,234,234,176,176,205,214,232,235,181,193
Alhama_Sp,Alhama_Sp,118,118,171,177,181,181,192,194,205,205,226,226,294,294,123,129,206,206,143,143,151,151,133,137,145,147,199,199,175,175,234,240,176,176,193,205,238,238,181,181
Alhama_Sp,Alhama_Sp,118,118,179,179,181,181,190,192,205,207,226,226,294,294,144,144,224,224,137,137,151,151,133,137,141,147,199,199,163,169,234,234,179,179,196,205,235,235,181,181
Alhama_Sp,Alhama_Sp,118,120,177,181,181,181,192,192,205,213,224,226,294,296,129,129,221,227,143,145,151,151,123,137,133,147,199,199,175,175,240,243,173,176,175,193,238,238,181,181
Alhama_Sp,Alhama_Sp,118,118,177,177,181,181,194,194,213,213,224,226,290,300,129,132,215,224,137,145,151,151,123,133,145,147,199,199,169,175,234,240,176,176,205,208,235,235,181,181
Alhama_Sp,Alhama_Sp,118,118,171,177,181,181,194,194,205,213,226,226,290,300,129,129,209,215,137,137,151,155,123,133,147,147,999,999,181,192,234,234,176,176,205,205,235,235,181,181
Alhama_Sp,Alhama_Sp,126,126,179,181,181,181,190,194,205,211,226,226,290,290,129,132,206,227,137,145,151,151,123,137,133,145,199,199,181,195,234,243,176,176,193,205,238,238,181,181
Alhama_Sp,Alhama_Sp,118,118,177,181,181,181,190,194,205,213,226,226,288,300,132,132,215,227,145,145,151,151,123,147,145,147,199,199,175,192,240,243,176,176,205,208,235,235,181,181
Alhama_Sp,Alhama_Sp,118,126,179,181,181,181,192,194,205,207,226,226,290,294,126,126,215,215,137,145,151,151,123,133,137,137,199,202,154,172,234,243,176,179,193,205,238,238,181,181
Alhama_Sp,Alhama_Sp,118,120,177,179,181,181,192,192,205,213,224,226,288,288,129,132,206,221,137,137,151,151,137,145,145,147,202,202,181,189,243,243,173,176,205,205,238,238,181,181
Alhama_Sp,Alhama_Sp,118,118,179,181,181,181,190,198,205,207,226,226,290,296,129,132,206,221,145,145,151,155,123,123,141,145,199,199,181,181,234,234,179,179,205,205,235,235,181,181
Alhama_Sp,Alhama_Sp,118,126,179,179,181,181,190,194,211,213,226,226,290,300,129,132,206,209,145,145,151,151,123,123,141,141,199,199,172,181,234,243,176,179,202,205,238,238,181,181
Alhama_Sp,Alhama_Sp,118,118,179,181,181,181,198,198,205,205,224,226,294,294,129,132,209,227,137,143,151,151,133,137,145,145,199,202,181,189,234,234,176,176,202,202,235,235,181,181
Alhama_Sp,Alhama_Sp,118,118,177,181,181,181,184,190,205,207,226,226,288,300,129,132,206,206,145,145,151,155,133,149,133,147,187,187,175,189,234,243,176,176,187,205,238,238,181,181
Alhama_Sp,Alhama_Sp,118,120,171,177,181,181,192,198,205,213,226,226,290,294,129,129,206,221,145,145,151,151,123,133,145,145,199,199,181,181,234,234,182,182,193,193,238,238,181,181
Alhama_Sp,Alhama_Sp,118,120,171,179,179,181,192,198,205,205,226,226,290,290,126,129,212,227,143,143,151,151,123,137,141,145,199,199,181,189,234,246,176,176,205,214,238,238,181,181
Rute_Sp,Rute_Sp,118,118,177,177,181,181,190,198,213,215,226,226,290,292,129,129,221,221,155,155,151,153,145,145,143,147,199,199,187,189,234,234,167,182,193,193,238,238,181,184
Rute_Sp,Rute_Sp,118,118,177,177,181,181,192,192,205,213,226,226,290,292,129,129,209,212,153,153,151,151,143,143,143,147,199,199,187,189,234,243,179,182,202,202,238,244,181,184
Rute_Sp,Rute_Sp,118,118,177,177,181,181,190,190,207,215,226,226,290,292,129,132,221,221,137,137,153,153,133,145,147,147,199,199,187,189,234,234,176,182,193,193,238,238,181,181
Rute_Sp,Rute_Sp,118,118,177,177,181,181,190,192,215,215,226,226,292,292,129,129,999,999,137,137,151,153,133,145,143,147,199,199,999,999,234,234,182,182,193,193,223,223,181,184
Rute_Sp,Rute_Sp,118,118,177,177,181,181,190,192,207,213,222,226,292,292,129,129,209,218,137,145,153,153,133,133,139,147,199,199,157,192,234,234,167,182,193,193,238,238,181,184
Rute_Sp,Rute_Sp,118,118,177,177,181,181,190,190,207,207,226,226,292,294,129,129,212,212,145,153,151,151,133,143,143,143,199,199,187,189,234,234,179,179,193,199,238,238,181,184
Rute_Sp,Rute_Sp,118,118,177,177,181,181,190,190,213,213,226,226,276,292,129,129,209,212,145,145,151,153,123,127,141,141,199,199,175,175,234,234,167,176,193,202,238,238,181,181
Rute_Sp,Rute_Sp,118,118,177,177,181,181,190,192,205,213,226,226,292,292,129,132,209,221,137,137,151,151,123,145,147,147,999,999,999,999,234,234,167,167,193,193,238,238,181,181
Rute_Sp,Rute_Sp,118,118,177,177,181,181,190,194,207,207,226,226,286,294,129,129,224,224,139,153,151,151,129,143,141,143,199,199,999,999,234,234,167,182,199,202,244,244,181,181
Rute_Sp,Rute_Sp,118,118,177,177,181,181,190,198,207,213,222,226,292,294,129,129,212,218,137,153,151,153,133,143,139,143,199,199,999,999,234,234,179,179,193,199,238,238,181,184
Rute_Sp,Rute_Sp,118,118,177,177,181,181,194,198,207,213,226,226,286,294,129,129,224,224,139,153,151,153,129,143,141,143,199,199,999,999,234,234,167,182,199,202,244,244,181,184
Rute_Sp,Rute_Sp,118,118,177,177,181,181,198,198,207,207,226,226,292,294,129,129,212,224,153,153,151,151,143,143,141,143,199,199,187,189,234,234,167,179,199,202,238,238,181,181
Rute_Sp,Rute_Sp,118,118,177,177,181,181,190,198,207,207,226,226,292,294,129,129,209,224,999,999,151,151,143,145,143,143,199,199,175,187,234,234,167,182,193,202,244,244,181,181
Rute_Sp,Rute_Sp,118,118,177,177,181,181,190,190,207,213,226,226,290,292,129,132,212,212,153,153,151,153,143,145,143,147,199,199,187,189,234,234,182,182,193,199,238,238,181,181
Marbella_Sp,Marbella_Sp,118,118,179,179,181,181,192,200,205,207,222,222,284,298,126,126,215,233,139,141,151,151,135,153,143,143,999,999,172,172,234,237,176,179,196,223,238,244,181,181
Marbella_Sp,Marbella_Sp,118,118,179,179,181,181,192,192,207,207,222,226,284,292,126,129,215,233,162,174,151,151,135,145,133,143,202,202,172,207,234,234,179,179,229,229,238,244,181,181
Marbella_Sp,Marbella_Sp,118,118,177,179,181,181,192,200,205,207,222,222,284,284,126,126,215,215,139,155,151,151,145,145,141,143,202,202,999,999,234,237,179,182,196,208,238,244,181,181
Marbella_Sp,Marbella_Sp,118,118,177,179,181,181,192,192,205,207,222,222,292,294,126,129,218,233,139,143,151,151,153,153,143,143,190,190,172,207,234,234,176,179,196,205,238,241,181,181
Marbella_Sp,Marbella_Sp,118,118,177,179,181,181,190,192,207,207,223,226,284,298,129,129,215,218,143,143,151,151,123,135,143,143,190,190,999,999,234,234,179,179,211,223,241,244,181,181
Marbella_Sp,Marbella_Sp,118,118,179,179,181,181,192,192,207,207,222,226,284,292,126,129,215,233,162,174,151,151,135,145,133,143,202,202,172,207,234,234,179,179,208,229,238,244,181,181
Marbella_Sp,Marbella_Sp,118,118,177,179,181,181,192,200,205,207,222,226,284,292,129,129,218,233,139,143,151,151,145,153,143,143,187,187,172,207,234,237,176,179,196,205,238,241,181,181
Marbella_Sp,Marbella_Sp,118,118,177,179,181,181,192,192,205,205,222,222,294,298,126,129,215,215,139,141,151,151,135,145,143,143,202,202,172,207,234,234,179,179,196,223,244,244,181,181
Marbella_Sp,Marbella_Sp,118,118,179,179,181,181,192,192,207,207,222,226,284,292,126,129,206,209,143,145,151,151,143,145,133,143,199,202,172,207,234,234,179,179,208,229,238,244,181,181
Marbella_Sp,Marbella_Sp,118,118,177,179,181,181,192,200,205,207,222,222,284,284,126,126,206,215,145,145,151,151,143,145,141,143,190,202,172,189,234,237,179,182,196,208,238,244,181,181
Marbella_Sp,Marbella_Sp,118,120,177,179,181,181,190,192,207,207,223,226,284,298,129,129,215,218,143,145,151,151,123,135,143,143,190,190,175,187,234,234,179,179,211,223,241,244,181,181
Marbella_Sp,Marbella_Sp,118,118,177,179,181,181,192,192,205,207,222,224,292,294,126,129,230,233,145,145,151,151,149,153,143,143,190,190,172,207,234,234,176,179,196,205,238,241,181,181
Marbella_Sp,Marbella_Sp,118,118,177,179,181,181,192,200,207,207,222,222,284,292,129,129,218,233,139,143,151,151,145,153,143,143,190,199,172,207,234,237,176,179,196,205,238,241,187,187
Marbella_Sp,Marbella_Sp,118,126,177,179,181,181,190,192,205,207,222,226,284,292,126,129,206,206,137,143,151,155,123,127,141,143,199,202,175,195,234,243,179,182,196,205,238,244,181,193
Marbella_Sp,Marbella_Sp,118,118,177,179,181,181,190,192,205,207,226,226,284,292,129,129,209,218,139,143,151,151,123,153,143,143,190,199,172,175,234,234,176,179,196,205,238,241,181,193
Marbella_Sp,Marbella_Sp,118,118,177,179,181,181,190,192,207,207,222,222,284,298,129,132,206,206,143,143,151,151,123,135,143,143,190,199,175,187,234,234,179,179,211,223,241,244,181,181
Marbella_Sp,Marbella_Sp,118,118,177,179,181,181,190,192,207,209,223,226,284,298,129,129,200,206,143,143,151,155,123,135,133,143,190,202,175,187,234,234,176,179,211,223,241,244,178,181
Marbella_Sp,Marbella_Sp,118,118,177,179,181,181,190,192,205,205,222,226,292,294,126,129,206,218,139,143,151,151,117,153,143,143,190,190,172,207,234,234,176,179,196,205,241,244,181,181
Marbella_Sp,Marbella_Sp,118,118,177,179,181,181,190,192,205,207,222,226,284,292,126,129,206,209,139,143,151,151,117,135,133,143,190,190,172,207,234,234,179,179,208,229,238,244,181,181
Marbella_Sp,Marbella_Sp,118,118,179,179,181,181,192,200,205,207,222,226,284,298,126,129,206,215,139,141,151,151,123,135,143,143,199,199,172,172,234,237,176,179,196,223,238,244,181,181
Nerja_Sp,Nerja_Sp,118,118,177,179,181,181,190,192,205,211,222,222,298,298,129,129,218,218,139,143,151,151,123,129,143,143,187,187,210,216,234,240,176,176,214,226,235,235,181,184
Nerja_Sp,Nerja_Sp,118,118,179,179,181,181,198,200,211,211,226,226,298,300,126,126,215,215,145,145,151,151,133,141,141,141,187,199,163,172,240,240,176,176,202,208,235,235,181,184
Nerja_Sp,Nerja_Sp,118,118,179,181,181,181,190,192,211,213,226,226,302,302,126,126,209,221,139,174,151,151,129,141,143,143,187,187,172,172,240,240,176,176,199,202,235,235,181,181
Nerja_Sp,Nerja_Sp,118,118,179,179,181,181,188,190,205,211,222,226,286,298,129,129,209,221,143,145,151,151,123,129,143,143,196,196,187,187,234,234,179,194,205,208,235,235,181,181
Nerja_Sp,Nerja_Sp,118,118,177,177,181,181,188,192,205,213,226,226,292,298,129,129,209,230,139,139,151,151,129,141,133,143,999,999,172,187,234,234,176,194,199,199,235,235,181,181
Nerja_Sp,Nerja_Sp,118,118,177,177,181,181,192,192,205,211,222,226,304,306,129,129,218,224,145,145,151,151,135,141,143,143,999,999,154,172,234,240,179,194,190,205,235,235,181,187
Nerja_Sp,Nerja_Sp,118,118,177,181,181,185,190,192,211,211,226,226,286,302,129,129,209,212,139,139,151,151,141,141,143,143,187,199,172,172,234,240,179,185,199,205,235,235,181,181
Nerja_Sp,Nerja_Sp,118,118,177,179,181,181,192,194,205,211,226,226,290,294,129,129,209,209,139,139,151,151,123,129,143,143,196,196,157,204,240,240,176,176,190,205,235,235,181,181
Puig_Nau_Sp,Puig_Nau_Sp,118,128,177,179,181,181,190,192,209,209,226,226,288,292,129,129,209,209,139,139,151,155,117,127,133,141,202,202,172,172,234,243,176,176,187,187,238,238,181,181
Puig_Nau_Sp,Puig_Nau_Sp,118,118,177,177,181,181,190,198,205,207,224,224,292,302,126,132,206,209,137,137,151,151,135,139,133,143,187,187,175,187,234,243,176,182,199,214,235,235,181,196
Puig_Nau_Sp,Puig_Nau_Sp,118,140,177,177,181,181,192,198,205,209,226,226,292,296,129,132,206,206,143,143,151,151,123,135,143,143,202,202,172,172,234,243,176,176,202,205,238,238,181,181
Puig_Nau_Sp,Puig_Nau_Sp,118,118,177,177,181,181,192,192,209,213,226,226,296,304,126,132,209,209,137,137,151,151,133,139,139,145,202,202,172,175,243,243,179,182,205,211,235,238,181,181
Puig_Nau_Sp,Puig_Nau_Sp,118,140,177,179,181,181,190,192,205,209,226,226,288,292,132,132,209,209,139,139,151,151,117,135,133,143,187,187,172,175,243,243,176,176,187,214,235,235,181,181
Puig_Nau_Sp,Puig_Nau_Sp,118,118,177,179,175,181,196,198,205,207,226,226,294,298,132,132,209,218,137,137,151,161,133,133,133,133,202,202,169,187,240,243,176,197,205,211,238,238,181,181
Puig_Nau_Sp,Puig_Nau_Sp,118,118,177,177,181,181,192,192,205,211,224,226,294,296,129,129,209,218,137,137,151,161,117,139,133,145,187,202,172,172,234,243,176,185,187,202,235,238,178,181
Puig_Nau_Sp,Puig_Nau_Sp,118,118,177,179,181,181,192,198,205,207,226,226,294,302,129,129,206,209,137,137,151,151,117,135,133,143,205,205,175,187,234,240,176,179,193,199,235,238,178,181
Puig_Nau_Sp,Puig_Nau_Sp,118,118,177,177,181,181,192,192,205,209,226,226,296,302,132,132,209,221,137,137,151,151,137,139,145,145,202,202,172,172,243,243,176,182,202,205,235,235,178,181
Puig_Nau_Sp,Puig_Nau_Sp,118,126,177,179,181,181,190,190,207,209,226,226,288,292,126,132,206,206,137,143,151,151,117,147,133,145,202,202,172,172,234,234,176,176,187,217,238,238,181,181
Puig_Nau_Sp,Puig_Nau_Sp,118,118,177,177,181,181,190,192,205,207,226,226,292,294,126,129,209,209,137,137,151,151,135,139,139,139,202,202,172,172,243,243,176,179,202,205,235,238,181,181
Puig_Nau_Sp,Puig_Nau_Sp,118,118,177,177,181,181,192,196,207,207,226,226,292,292,129,132,209,209,139,143,151,155,133,139,143,143,202,202,172,187,240,243,176,185,202,214,235,238,181,181
Puig_Nau_Sp,Puig_Nau_Sp,118,118,177,177,181,181,190,192,213,213,226,226,302,302,120,132,218,218,137,137,151,161,133,139,143,145,202,202,172,187,243,243,173,176,202,202,238,238,178,181
Puig_Nau_Sp,Puig_Nau_Sp,118,118,177,179,181,181,192,198,205,211,226,226,288,302,129,129,209,209,139,139,151,151,117,127,141,145,202,202,172,175,234,243,176,179,187,202,235,235,178,181
Puig_Nau_Sp,Puig_Nau_Sp,118,140,177,179,181,181,192,196,209,209,226,226,294,304,126,129,209,221,143,143,151,151,117,117,133,139,202,202,172,189,240,243,176,179,202,202,235,235,181,181
Pennaroya_Sp,Pennaroya_Sp,118,120,177,179,181,181,190,192,207,215,226,226,288,292,126,129,209,209,155,155,151,151,135,139,143,143,187,187,172,187,234,234,176,179,214,226,238,238,181,181
Pennaroya_Sp,Pennaroya_Sp,118,118,177,179,181,181,194,198,209,213,226,226,288,292,129,129,209,209,145,145,151,151,139,143,139,139,199,199,184,187,234,234,176,179,187,214,235,235,181,181
Pennaroya_Sp,Pennaroya_Sp,118,120,177,177,181,181,186,192,205,207,226,226,288,292,129,132,209,209,143,145,151,151,133,133,139,143,187,187,175,175,243,243,176,179,187,205,235,235,181,184
Pennaroya_Sp,Pennaroya_Sp,118,120,179,179,181,181,190,192,213,217,226,226,288,290,129,132,209,209,143,143,151,151,117,129,139,143,187,199,172,187,234,243,179,179,205,214,235,235,181,181
Pennaroya_Sp,Pennaroya_Sp,118,118,177,177,181,181,190,198,213,213,222,226,290,292,129,129,209,209,143,143,151,151,129,139,139,139,202,202,175,175,234,243,176,182,187,214,238,238,181,181
Pennaroya_Sp,Pennaroya_Sp,118,120,177,177,181,181,196,198,207,209,226,226,288,302,126,132,209,209,143,143,151,161,117,129,139,145,187,199,187,187,243,243,176,179,205,226,238,238,181,184
Pennaroya_Sp,Pennaroya_Sp,118,120,177,179,181,181,190,192,207,215,226,226,288,292,126,129,209,209,152,155,151,151,135,139,143,143,202,202,172,187,234,234,176,179,214,226,238,238,181,181
Pennaroya_Sp,Pennaroya_Sp,120,120,179,179,181,181,190,192,209,217,222,226,288,290,132,132,209,209,143,143,151,151,139,139,139,143,202,202,172,175,240,243,176,179,205,214,235,235,181,181
Pennaroya_Sp,Pennaroya_Sp,118,124,177,177,181,181,192,194,211,213,222,226,288,292,129,132,206,209,143,143,151,151,133,139,143,147,999,999,172,187,234,234,176,179,202,214,238,238,181,184
Pennaroya_Sp,Pennaroya_Sp,118,118,177,177,181,181,192,194,209,213,226,226,290,292,129,132,209,209,143,143,151,151,139,139,139,139,187,187,175,187,234,243,176,182,187,217,235,241,181,181
Pennaroya_Sp,Pennaroya_Sp,118,120,177,179,181,181,192,192,209,213,226,226,288,290,126,129,209,209,143,143,151,151,133,135,139,139,199,199,172,187,234,243,179,179,205,214,238,238,181,181
Pennaroya_Sp,Pennaroya_Sp,118,120,177,177,181,181,192,192,213,213,226,226,288,288,129,129,209,209,143,143,151,151,117,139,139,145,199,202,172,187,234,243,176,179,205,205,238,238,181,181
Pennaroya_Sp,Pennaroya_Sp,118,118,177,177,181,181,186,192,213,215,226,226,276,294,129,132,209,218,139,139,151,151,133,139,143,145,999,999,172,175,234,243,176,200,205,223,238,238,181,181
Pennaroya_Sp,Pennaroya_Sp,118,118,179,179,181,181,190,192,209,213,226,226,290,296,129,132,206,206,143,143,151,151,117,139,143,145,202,202,175,187,240,243,176,179,187,205,238,238,181,196
Pennaroya_Sp,Pennaroya_Sp,118,118,177,179,181,181,190,198,209,213,226,226,288,292,129,132,206,209,143,143,151,151,131,135,139,145,202,202,175,175,234,243,176,179,187,202,238,238,181,181
Sitges_Sp,Sitges_Sp,118,146,177,179,181,181,192,192,205,213,226,226,288,296,129,132,206,218,145,145,151,157,139,139,145,145,202,205,175,175,243,243,176,176,214,217,235,235,181,181
Sitges_Sp,Sitges_Sp,118,118,177,177,175,181,190,190,205,213,226,226,288,296,120,129,206,215,143,143,151,157,133,139,139,145,202,202,999,999,234,234,176,176,202,208,235,235,178,184
Sitges_Sp,Sitges_Sp,118,118,177,177,181,181,192,198,205,207,222,226,290,302,126,129,206,209,137,145,151,157,129,139,139,145,202,202,175,175,234,234,176,194,214,217,235,235,178,184
Sitges_Sp,Sitges_Sp,148,148,177,177,181,181,192,192,205,213,222,226,292,296,126,129,209,209,137,137,157,157,117,133,139,145,202,202,999,999,243,243,176,176,187,202,235,235,178,181
Sitges_Sp,Sitges_Sp,120,120,177,179,181,181,196,198,205,209,222,226,290,302,120,126,209,209,137,143,151,151,133,139,145,145,202,202,175,175,243,243,176,176,187,217,235,238,178,181
Sitges_Sp,Sitges_Sp,118,146,177,177,181,181,192,196,205,209,222,226,274,294,129,129,206,209,143,143,151,155,135,135,145,145,202,202,172,175,234,234,176,176,205,205,229,235,181,205
Sitges_Sp,Sitges_Sp,146,146,177,177,181,181,192,192,205,209,226,226,292,296,126,129,209,209,137,137,151,155,129,139,145,145,202,202,175,175,234,243,176,188,187,202,235,235,181,184
Sitges_Sp,Sitges_Sp,120,140,177,179,181,181,192,192,209,213,222,226,288,288,120,129,209,209,143,143,151,151,117,139,145,145,202,202,157,157,243,243,176,182,199,205,229,235,178,178
Sitges_Sp,Sitges_Sp,118,146,177,177,181,181,188,192,205,209,226,226,288,292,120,126,209,209,137,145,151,151,135,139,143,145,187,187,172,175,234,243,176,200,187,223,229,235,178,181
Sitges_Sp,Sitges_Sp,118,148,177,177,181,181,192,196,205,213,226,226,290,292,126,129,209,218,143,143,157,157,133,139,143,145,202,202,157,175,234,243,164,176,187,205,235,235,181,184
Sitges_Sp,Sitges_Sp,118,140,177,177,181,181,192,192,209,213,222,226,290,294,126,129,206,215,143,143,151,151,117,135,145,145,202,202,999,999,234,234,176,176,202,214,235,235,178,181
Sitges_Sp,Sitges_Sp,140,146,177,177,181,181,192,192,213,213,226,226,296,296,126,129,209,218,137,143,151,151,129,133,145,145,202,202,999,999,234,234,176,200,202,211,235,238,178,184
Sitges_Sp,Sitges_Sp,118,120,177,179,181,181,192,196,205,213,226,226,290,290,126,129,200,206,137,143,151,151,117,139,139,145,202,202,999,999,234,234,176,185,202,211,238,238,178,187
Sitges_Sp,Sitges_Sp,118,120,177,177,153,175,192,192,205,209,222,226,288,296,120,126,209,215,137,143,151,157,133,135,145,145,202,202,172,172,234,234,176,176,202,202,235,235,178,178
Sitges_Sp,Sitges_Sp,118,148,177,177,181,181,192,196,205,209,226,226,296,296,120,132,200,218,137,143,157,157,129,139,145,145,202,202,999,999,234,243,179,194,202,223,235,235,178,184
Barrage_Sp,Barrage_Sp,118,120,177,177,181,181,190,192,205,207,226,226,292,296,129,129,209,209,145,145,151,151,135,135,139,143,202,202,157,187,243,243,176,182,202,205,238,238,184,193
Barrage_Sp,Barrage_Sp,118,120,177,183,181,181,190,192,205,205,226,226,292,292,129,129,206,209,145,145,151,151,133,135,145,145,999,999,175,178,234,243,179,179,187,205,235,235,178,193
Barrage_Sp,Barrage_Sp,118,118,177,177,181,181,192,192,205,207,226,226,288,288,126,129,209,215,143,145,153,153,117,135,139,139,199,202,175,187,243,243,182,182,187,205,238,238,178,193
Barrage_Sp,Barrage_Sp,118,118,179,179,181,181,190,192,205,209,222,226,288,290,126,132,206,221,151,157,153,155,117,137,139,145,199,199,157,187,234,243,176,176,187,205,238,238,178,178
Barrage_Sp,Barrage_Sp,118,118,177,179,181,181,190,192,205,209,226,226,292,294,126,132,209,215,143,143,153,153,131,135,139,145,199,199,157,175,234,234,176,179,202,223,235,235,178,178
Barrage_Sp,Barrage_Sp,118,120,179,181,181,181,190,196,207,207,226,226,292,294,129,132,206,209,143,145,151,151,135,135,139,145,199,199,175,175,234,243,176,179,205,223,238,238,178,181
Barrage_Sp,Barrage_Sp,118,120,177,179,181,181,192,196,207,207,226,226,292,292,129,132,206,206,145,147,153,153,133,133,145,145,199,199,172,187,243,243,176,179,202,205,238,238,178,181
Barrage_Sp,Barrage_Sp,118,120,177,183,181,181,190,190,205,207,226,226,292,292,129,132,209,215,145,145,151,151,133,133,145,147,202,202,175,175,234,240,179,182,187,205,235,235,178,178
Barrage_Sp,Barrage_Sp,118,120,177,177,181,181,190,192,205,209,226,226,296,302,126,129,209,209,145,145,151,157,131,137,139,139,199,199,157,175,234,243,176,176,205,205,238,238,181,184
Barrage_Sp,Barrage_Sp,118,118,177,179,181,181,192,192,205,207,222,226,302,302,129,129,209,218,143,145,151,151,117,133,145,145,187,187,172,175,243,243,179,179,205,205,235,235,178,181
Barrage_Sp,Barrage_Sp,120,120,179,179,181,181,192,196,207,207,226,226,292,292,126,129,209,209,147,147,153,153,133,135,145,145,196,202,157,187,243,243,173,182,202,202,238,238,178,181
Barrage_Sp,Barrage_Sp,120,120,179,179,181,181,192,192,205,207,226,226,288,292,132,132,215,215,145,145,151,151,137,137,139,145,202,202,187,187,234,243,179,182,202,205,238,238,178,184
Barrage_Sp,Barrage_Sp,120,120,177,179,181,181,190,190,207,207,226,226,292,296,129,132,209,209,145,147,151,153,131,137,145,145,199,199,187,187,243,243,173,176,187,202,238,238,178,184
Barrage_Sp,Barrage_Sp,120,120,177,183,181,181,192,192,205,207,224,226,294,294,126,129,209,209,143,143,151,151,117,135,139,145,199,199,175,175,243,243,176,176,190,205,238,238,181,193
Barrage_Sp,Barrage_Sp,120,120,179,179,181,181,192,192,205,207,226,226,288,302,129,132,206,209,143,145,151,151,131,137,133,145,199,199,178,187,234,234,176,179,187,208,238,238,181,184
Port_Alon,Port_Alon,118,118,177,177,153,181,192,192,207,211,226,226,294,302,120,126,206,209,143,145,153,157,153,153,141,145,199,199,154,172,234,234,176,179,196,205,232,235,181,181
Port_Alon,Port_Alon,118,118,177,179,153,181,192,192,207,207,226,226,296,302,126,126,206,209,147,149,157,157,153,153,145,145,199,199,154,189,234,234,176,182,187,193,232,235,178,181
Port_Alon,Port_Alon,118,118,177,179,175,181,188,192,207,207,222,226,294,296,120,126,206,209,143,149,157,157,133,149,143,145,199,202,154,172,234,234,179,182,187,187,238,244,178,181
Port_Alon,Port_Alon,118,118,177,179,175,181,188,192,207,207,222,226,292,294,126,132,209,212,143,149,151,157,133,149,143,145,190,199,154,172,234,234,176,179,187,199,238,241,181,181
Port_Alon,Port_Alon,118,120,177,179,175,181,192,192,207,207,222,226,294,294,129,129,206,209,139,143,151,157,133,145,141,143,190,199,172,187,234,243,170,179,187,199,232,232,178,181
Port_Alon,Port_Alon,118,118,177,177,153,181,192,194,205,207,223,226,292,294,126,126,206,206,143,143,159,159,133,149,143,145,190,199,154,172,234,234,170,179,187,223,241,241,181,181
Port_Alon,Port_Alon,118,118,179,179,153,181,192,192,205,207,224,226,296,298,126,126,206,209,143,143,157,157,135,153,145,147,190,199,154,154,234,234,179,182,187,193,238,241,181,187
Port_Alon,Port_Alon,118,118,177,177,175,181,192,192,205,205,226,226,292,294,120,126,206,209,139,143,157,157,133,133,143,143,190,190,187,187,234,234,170,179,187,199,238,241,181,181
Port_Alon,Port_Alon,118,118,177,179,153,181,192,192,207,207,226,226,294,296,129,129,206,209,143,149,153,157,153,153,141,145,199,199,154,189,234,234,170,179,187,193,232,235,178,181
Port_Alon,Port_Alon,118,118,177,179,175,181,188,192,207,207,226,226,294,296,126,126,206,209,143,149,157,157,133,149,145,145,199,199,154,172,234,234,179,182,187,187,232,235,178,181
Port_Alon,Port_Alon,118,118,177,179,153,181,192,192,207,207,226,226,296,302,120,126,206,233,143,145,155,157,135,149,145,145,199,199,154,189,234,234,170,179,187,193,232,235,178,181
Port_Alon,Port_Alon,118,118,177,179,153,175,188,192,207,207,222,226,296,296,126,129,206,206,145,145,157,157,133,149,133,133,190,199,154,172,237,237,179,182,187,202,232,232,178,181
Port_Alon,Port_Alon,118,118,177,177,175,181,192,192,205,205,222,226,294,302,126,126,206,209,143,145,151,157,135,149,141,141,202,202,154,187,234,234,170,179,187,196,232,232,181,181
Port_Alon,Port_Alon,118,120,177,177,175,181,188,192,207,207,226,226,276,302,120,126,206,206,145,145,157,157,133,135,145,145,199,199,154,187,234,234,176,179,187,187,232,232,181,181
Port_Alon,Port_Alon,118,118,177,177,175,175,192,194,207,211,222,226,294,294,126,126,206,209,143,145,157,157,133,135,143,145,199,199,172,187,234,234,176,182,187,187,235,241,181,181
Port_Alon,Port_Alon,118,120,177,179,153,175,194,198,205,211,226,226,292,294,120,126,206,209,143,143,155,157,153,153,143,145,199,199,187,189,234,234,170,179,187,193,232,241,178,178
Port_Alon,Port_Alon,118,118,181,181,175,181,188,192,207,211,222,226,276,294,126,126,206,209,143,145,155,155,133,135,145,145,199,199,154,187,234,234,179,182,187,193,232,232,181,181
Port_Alon,Port_Alon,118,120,177,179,153,175,194,198,205,211,226,226,292,294,120,126,206,209,143,143,155,157,135,149,145,145,199,199,187,189,234,234,170,176,187,193,232,235,178,178
Port_Alon,Port_Alon,118,120,177,179,153,181,192,198,207,211,226,226,292,294,120,126,206,209,143,145,155,157,133,135,145,147,199,202,187,189,234,234,170,179,187,193,235,235,181,181
Port_Alon,Port_Alon,118,118,177,177,175,175,188,192,205,205,226,226,294,296,126,126,206,206,143,145,155,159,133,149,145,145,190,199,154,187,234,234,170,179,187,193,235,238,178,181
Port_Alon,Port_Alon,118,118,177,177,181,181,188,192,207,211,226,226,276,294,126,126,206,209,143,145,157,157,133,135,145,145,196,196,154,187,234,234,179,182,187,193,232,232,178,181
Port_Alon,Port_Alon,118,118,177,179,153,175,192,196,205,215,226,226,296,322,126,129,206,206,145,145,157,157,133,149,133,137,196,196,154,172,234,234,176,179,187,202,232,232,181,193
Port_Alon,Port_Alon,118,120,177,179,153,175,194,198,205,211,224,226,292,294,120,120,206,206,143,143,155,155,135,149,143,143,199,199,187,189,234,234,170,179,187,193,232,232,178,187
Port_Alon,Port_Alon,118,120,177,177,153,175,192,198,207,207,226,226,294,294,126,126,206,209,145,145,157,157,149,153,141,141,199,199,154,189,234,234,176,182,193,193,232,232,178,193
Port_Alon,Port_Alon,118,120,177,177,153,175,192,198,207,207,226,226,294,294,126,126,206,209,143,145,157,157,149,153,143,145,199,199,154,189,234,234,170,182,193,193,232,232,181,181
Port_Alon,Port_Alon,118,120,177,179,153,175,194,198,205,205,226,226,292,294,120,120,206,209,147,149,155,155,135,149,145,147,199,199,187,189,234,234,170,170,187,193,235,235,178,178
Port_Alon,Port_Alon,118,118,177,177,175,181,192,194,207,207,226,226,304,312,126,129,206,218,143,149,157,157,133,135,145,147,199,199,154,187,234,234,170,182,187,187,232,238,178,181
Port_Alon,Port_Alon,118,120,177,179,153,175,194,198,205,211,226,226,292,294,120,129,206,206,143,145,155,155,135,149,145,145,199,199,187,189,234,234,170,176,187,193,235,238,178,178
Port_Alon,Port_Alon,118,118,177,177,181,181,192,192,211,211,226,226,294,302,120,126,206,209,143,145,153,157,133,149,141,141,199,199,154,172,234,234,179,179,196,205,232,232,178,181
Port_Alon,Port_Alon,118,120,177,177,175,181,188,192,207,211,226,226,276,302,126,132,209,209,145,145,157,157,133,135,141,145,199,199,154,187,234,234,179,182,187,187,232,232,181,193
Port_Alon,Port_Alon,118,118,177,179,153,181,192,192,207,207,226,226,296,302,120,126,206,209,149,155,157,157,135,149,145,145,190,190,154,189,234,234,170,179,187,193,232,235,181,181
Port_Alon,Port_Alon,118,118,177,179,153,181,192,192,207,207,222,226,296,302,129,132,206,209,149,149,153,153,153,153,145,145,190,190,154,189,234,234,176,182,187,193,232,235,181,181
Port_Alon,Port_Alon,118,118,177,177,153,181,188,194,211,211,226,226,276,302,126,126,206,209,143,143,157,157,133,153,145,145,199,199,154,172,234,234,179,179,187,193,232,232,181,181
Port_Alon,Port_Alon,118,120,177,179,153,175,194,198,205,211,222,226,292,294,120,120,206,206,143,145,155,155,135,149,145,145,199,199,187,189,234,234,170,179,187,193,232,232,178,178
Port_Alon,Port_Alon,118,118,177,177,181,181,192,192,207,207,226,226,276,294,129,132,206,215,143,145,157,157,133,135,145,145,199,199,154,187,234,234,170,179,187,193,229,232,178,181
Port_Alon,Port_Alon,118,120,177,179,153,175,194,198,205,211,226,226,292,294,120,120,206,209,143,145,155,157,133,135,145,145,199,199,187,189,234,234,170,179,187,193,238,238,178,181
Port_Alon,Port_Alon,118,120,177,179,175,175,192,194,207,207,226,226,276,296,126,129,206,209,143,145,157,157,133,135,145,145,199,199,154,184,234,234,170,179,193,226,232,235,187,187
Port_Alon,Port_Alon,118,120,177,179,153,175,192,194,205,211,226,226,292,294,126,126,206,209,143,145,159,159,135,149,143,147,199,199,154,172,234,234,170,179,187,193,232,232,178,205
Port_Alon,Port_Alon,118,118,177,177,153,175,192,194,207,207,226,226,296,314,126,129,209,209,143,143,157,157,133,135,143,143,199,199,184,187,234,234,170,182,187,187,232,232,181,181
Azur_Valouc,Azur_Valouc,118,120,177,177,175,181,190,198,205,207,226,226,276,302,126,129,206,218,143,143,153,153,133,153,145,147,199,199,154,172,234,234,170,182,193,205,235,238,181,181
Azur_Valouc,Azur_Valouc,118,118,177,177,153,181,188,192,207,213,224,224,312,314,129,129,206,209,143,143,153,153,133,135,145,147,196,199,172,172,234,234,170,179,187,193,232,232,178,178
Azur_Valouc,Azur_Valouc,118,118,177,179,153,153,188,188,207,207,226,226,276,294,126,126,206,209,143,153,153,153,131,133,143,145,196,196,172,187,234,234,170,179,187,205,232,238,178,178
Azur_Valouc,Azur_Valouc,118,120,177,177,153,181,192,192,205,205,226,226,290,294,129,132,206,209,145,155,157,157,133,135,145,147,199,199,154,175,234,234,170,182,187,193,229,238,178,181
Azur_Valouc,Azur_Valouc,118,120,177,177,175,181,192,192,207,211,226,226,290,302,120,132,206,209,145,155,157,157,133,135,145,147,199,199,154,175,234,234,170,179,187,193,229,229,178,178
Azur_Valouc,Azur_Valouc,118,120,177,179,175,175,188,192,207,207,226,226,274,292,129,129,206,218,143,145,157,157,131,133,145,145,202,202,154,187,234,234,170,179,193,211,232,235,178,181
Azur_Valouc,Azur_Valouc,118,118,177,177,153,175,192,192,205,215,226,226,294,304,120,129,206,206,151,155,157,157,133,135,145,145,199,199,154,187,234,234,182,185,184,196,232,232,178,181
Azur_Valouc,Azur_Valouc,118,118,177,177,153,175,192,192,207,207,226,226,292,294,126,126,206,209,151,155,153,157,133,149,139,145,196,196,172,184,234,234,170,170,193,208,232,232,178,184
Azur_Valouc,Azur_Valouc,118,118,177,177,175,181,190,192,207,207,224,226,292,294,129,132,209,230,151,153,157,157,147,149,145,145,199,199,187,187,234,234,179,185,193,205,235,235,178,178
Azur_Valouc,Azur_Valouc,118,118,177,177,153,181,192,192,207,207,226,226,294,302,126,132,209,209,145,149,153,153,133,135,145,145,199,199,175,187,234,234,173,179,205,217,238,238,178,181
Azur_Valouc,Azur_Valouc,118,118,177,177,175,181,190,192,207,207,226,226,290,302,129,132,206,209,147,149,153,153,131,133,145,145,196,199,172,184,234,234,170,179,199,211,238,238,178,178
Azur_Valouc,Azur_Valouc,118,120,177,177,153,175,190,192,207,207,226,226,290,292,126,126,206,230,145,155,153,157,131,133,145,147,199,199,154,172,234,234,170,179,193,205,232,238,178,181
Azur_Valouc,Azur_Valouc,118,118,177,179,153,175,188,192,207,207,226,226,290,294,120,126,206,206,143,155,157,157,117,135,145,147,199,199,154,172,234,234,170,179,193,205,232,235,178,178
Azur_Valouc,Azur_Valouc,118,120,177,179,175,175,190,192,207,211,226,226,290,306,120,126,209,209,155,155,157,157,133,149,145,145,199,199,154,154,234,234,170,179,193,193,232,235,178,184
Azur_Valouc,Azur_Valouc,118,120,177,177,175,175,192,192,205,211,226,226,290,294,126,126,209,218,143,143,157,157,133,135,145,145,199,199,154,172,234,234,170,170,187,187,235,235,178,181
Azur_Valouc,Azur_Valouc,118,120,177,177,153,175,188,192,205,211,224,226,290,302,126,129,206,209,143,155,157,157,133,135,145,145,190,199,187,189,234,234,170,182,187,211,232,232,178,178
Azur_Valouc,Azur_Valouc,118,120,177,177,175,181,192,192,211,211,226,226,292,294,126,126,209,209,145,145,153,157,133,149,145,145,199,199,154,154,234,234,170,179,193,211,232,232,181,181
Azur_Valouc,Azur_Valouc,118,120,177,177,153,175,188,190,207,207,226,226,302,304,126,126,206,206,145,145,153,157,131,133,145,147,199,199,154,172,234,234,170,170,193,193,232,235,178,178
Azur_Valouc,Azur_Valouc,118,118,177,177,153,181,188,190,207,207,224,226,276,294,126,126,206,209,143,155,157,159,131,133,145,147,199,199,172,175,234,234,170,170,193,205,235,235,178,181
Azur_Valouc,Azur_Valouc,118,120,177,177,153,175,188,190,207,207,226,226,276,294,126,126,206,209,145,155,153,157,131,133,145,147,199,199,154,172,234,234,170,179,193,193,232,235,178,181
Azur_Valouc,Azur_Valouc,118,120,177,179,153,181,188,190,207,207,226,226,276,294,126,126,206,206,143,155,157,159,131,133,145,147,199,199,172,175,234,243,170,170,193,205,235,235,178,181
Azur_Valouc,Azur_Valouc,118,118,177,177,153,181,188,190,207,207,226,226,276,294,126,126,209,218,143,155,157,159,131,133,145,147,199,199,172,175,234,243,170,170,193,205,235,238,178,181
Azur_Valouc,Azur_Valouc,118,120,177,177,153,175,188,190,207,207,224,226,302,304,126,126,206,206,139,145,153,157,131,133,145,147,199,199,154,172,234,234,170,170,193,193,232,235,178,178
Azur_Valouc,Azur_Valouc,118,120,177,177,153,175,188,190,207,207,226,226,302,304,126,126,206,209,143,145,153,157,131,133,145,147,196,199,154,172,234,234,170,170,193,193,232,235,178,187
Azur_Valouc,Azur_Valouc,118,120,177,177,175,181,188,190,205,207,226,226,290,294,126,126,209,209,143,145,159,159,131,133,145,147,196,199,172,187,234,234,170,182,187,205,235,235,178,181
Azur_Valouc,Azur_Valouc,118,118,177,177,175,181,190,190,207,207,226,226,276,292,126,129,206,218,143,153,157,159,149,149,139,145,196,199,187,187,234,234,185,185,193,205,235,235,178,181
Azur_Valouc,Azur_Valouc,118,118,177,177,175,181,190,192,207,207,224,226,292,292,129,132,206,209,151,153,157,157,147,149,143,145,199,199,187,187,234,234,179,185,193,205,235,235,178,178
Azur_Valouc,Azur_Valouc,118,120,177,177,153,175,188,190,207,207,226,226,292,294,132,132,209,233,143,145,157,159,131,133,145,147,199,199,154,187,234,243,179,182,187,205,235,235,178,181
Azur_Valouc,Azur_Valouc,118,118,177,179,153,175,188,192,205,207,226,226,292,294,120,126,206,206,143,145,155,157,131,133,141,145,199,202,154,187,234,243,170,179,193,205,232,235,178,181
Azur_Valouc,Azur_Valouc,118,118,177,179,175,181,190,192,207,207,226,226,290,292,126,126,209,209,143,149,153,157,131,133,143,145,199,202,154,172,234,243,170,179,193,205,238,238,178,181
Azur_Valouc,Azur_Valouc,118,118,177,179,153,175,188,192,207,207,226,226,294,294,120,126,206,206,143,145,153,157,137,139,143,145,199,199,154,172,234,243,170,182,187,193,229,238,178,181
Azur_Valouc,Azur_Valouc,118,118,177,177,153,153,188,192,207,213,226,226,294,314,129,129,206,206,143,143,159,159,137,139,145,145,196,196,187,187,234,234,170,170,187,211,235,235,178,181
Azur_Valouc,Azur_Valouc,118,118,177,183,153,175,192,192,207,207,226,226,292,294,126,129,206,209,151,155,153,157,133,149,145,147,196,196,172,184,234,234,170,170,193,193,232,232,178,184
Azur_Valouc,Azur_Valouc,118,120,177,179,153,175,188,192,207,207,224,226,300,302,129,132,206,209,143,155,153,157,131,133,139,145,196,199,154,187,234,243,170,179,187,193,232,232,178,181
Azur_Valouc,Azur_Valouc,118,126,177,183,175,181,188,190,207,207,226,226,292,294,129,132,206,209,143,155,157,159,131,133,133,147,196,199,172,175,234,243,170,170,193,205,235,238,178,181
Azur_Valouc,Azur_Valouc,118,118,177,179,153,175,188,190,207,211,226,226,276,292,129,132,206,209,137,155,155,157,131,133,141,145,199,199,154,187,234,243,179,179,193,205,241,241,178,181
Azur_Valouc,Azur_Valouc,118,118,177,179,153,175,188,192,207,211,226,226,290,292,120,126,206,209,153,155,155,157,133,149,141,145,199,202,154,154,234,243,179,179,202,205,235,235,178,181
Azur_Valouc,Azur_Valouc,118,120,177,179,153,181,190,190,207,207,226,226,292,302,126,126,206,206,145,151,153,157,127,133,143,145,199,202,154,175,234,243,170,179,193,205,232,238,178,181
Azur_Valouc,Azur_Valouc,118,126,177,179,175,181,188,192,205,205,226,226,292,304,126,126,200,206,143,155,151,153,123,133,143,145,199,199,175,187,234,243,170,182,193,205,238,238,178,181
Azur_Valouc,Azur_Valouc,118,118,177,179,175,181,190,190,211,211,226,226,298,302,126,126,206,233,143,145,159,159,139,149,143,145,199,202,187,187,234,243,179,182,187,193,223,238,181,184
Azur_Valouc,Azur_Valouc,118,120,177,179,153,175,188,190,207,207,222,226,292,304,126,126,206,206,143,145,153,157,131,133,139,145,196,199,154,172,234,243,170,176,193,193,232,235,178,181
Azur_Valouc,Azur_Valouc,118,120,179,183,153,175,188,190,205,207,226,226,292,294,129,132,200,209,137,143,155,157,133,149,139,145,196,202,154,187,234,243,170,176,187,193,232,232,178,181
Redonnes,Redonnes,124,126,183,183,175,181,190,194,205,209,222,226,292,292,129,132,206,209,143,151,151,157,133,133,133,139,199,202,154,195,234,243,176,179,196,196,238,238,181,193
Redonnes,Redonnes,118,118,177,179,153,181,190,190,207,207,226,226,286,292,126,126,206,209,137,137,155,157,123,133,143,147,199,202,154,195,234,243,176,179,205,226,238,238,181,193
Redonnes,Redonnes,118,126,177,179,175,181,190,190,207,207,226,226,290,294,126,126,200,209,143,151,155,155,123,133,143,147,199,202,175,195,234,243,176,176,217,217,238,238,181,193
Redonnes,Redonnes,118,126,177,179,181,181,190,190,205,205,226,226,292,302,126,126,200,209,143,145,155,157,127,127,143,143,199,199,154,175,234,243,179,179,199,205,238,238,181,193
Redonnes,Redonnes,124,126,177,179,181,181,188,194,205,205,226,226,292,292,129,129,206,218,143,143,151,161,123,133,133,143,199,199,175,195,243,243,176,176,205,205,223,238,181,193
Redonnes,Redonnes,124,126,179,183,181,181,194,194,205,207,226,226,302,302,129,129,200,209,137,143,151,155,131,133,139,143,199,202,195,195,234,243,176,176,205,205,223,238,181,193
Redonnes,Redonnes,126,126,179,183,175,181,190,194,205,207,226,226,292,302,126,129,206,209,143,149,151,155,123,133,133,139,199,202,154,195,234,243,176,176,205,226,223,238,181,193
Redonnes,Redonnes,118,126,179,183,181,181,194,194,205,205,226,226,292,302,126,129,200,209,143,155,155,155,123,145,139,139,199,199,175,195,234,243,176,176,196,226,223,223,181,193
Redonnes,Redonnes,118,118,177,183,181,181,190,190,205,205,226,226,292,302,126,126,206,209,137,143,151,155,123,133,133,139,196,199,175,195,234,243,176,176,187,214,223,238,181,193
Redonnes,Redonnes,124,126,179,179,181,181,188,194,207,207,226,226,290,292,126,129,200,206,143,151,155,155,131,133,143,143,190,199,154,195,234,234,176,179,199,202,223,238,181,193
Redonnes,Redonnes,124,126,179,179,181,181,190,190,205,205,226,226,290,292,126,132,200,200,143,151,151,155,123,127,143,147,190,199,175,195,234,243,176,179,196,202,238,238,181,193
Redonnes,Redonnes,118,126,179,183,181,181,190,190,205,207,226,226,290,292,126,126,200,209,137,143,151,155,123,123,133,147,196,196,175,195,243,243,176,176,205,226,238,238,181,181
Redonnes,Redonnes,118,118,177,183,181,181,190,190,205,205,226,226,290,292,129,129,200,209,137,143,151,155,123,133,133,143,196,199,175,195,243,243,176,176,187,214,223,238,181,193
Redonnes,Redonnes,118,126,177,179,181,181,188,194,205,205,226,226,292,302,129,129,206,206,137,143,151,155,127,127,143,147,196,199,175,195,234,243,176,179,196,226,235,238,181,193
Redonnes,Redonnes,118,118,177,179,175,181,190,194,205,207,226,226,290,292,126,129,200,206,137,143,151,155,127,145,139,143,196,202,175,195,234,243,176,176,196,205,238,238,178,178
Redonnes,Redonnes,118,126,177,179,181,181,190,194,205,207,222,222,292,302,126,129,200,209,143,143,155,161,123,127,139,143,199,199,175,195,234,243,170,170,196,226,235,238,181,181
Redonnes,Redonnes,118,126,179,179,181,181,190,194,205,205,226,226,292,302,126,126,200,209,149,151,155,161,127,127,143,143,199,202,175,175,234,234,179,179,199,205,223,238,181,181
Redonnes,Redonnes,118,126,179,179,181,181,190,190,207,207,226,226,292,292,126,129,206,209,143,151,155,155,123,133,139,143,199,205,154,175,234,243,176,182,202,226,223,238,181,193
Redonnes,Redonnes,124,126,179,179,175,181,190,190,205,207,226,226,290,292,126,129,206,209,143,153,151,155,123,133,139,143,190,202,175,195,234,243,176,176,202,205,238,238,181,193
Redonnes,Redonnes,124,126,179,179,175,181,190,194,205,207,226,226,290,292,126,126,206,209,137,143,151,155,123,145,143,147,196,196,175,195,243,243,176,176,199,202,238,238,181,193
Redonnes,Redonnes,118,126,177,179,175,181,190,194,205,207,226,226,292,304,126,126,206,209,137,143,151,155,123,127,139,143,196,196,175,195,234,243,176,176,202,205,223,238,181,193
Redonnes,Redonnes,118,126,177,179,175,181,190,194,205,207,226,226,292,302,126,129,200,209,137,143,151,155,127,127,139,143,196,196,175,195,234,243,176,176,196,205,223,238,181,181
Redonnes,Redonnes,118,126,177,179,175,181,190,194,205,207,226,226,292,292,126,129,200,206,137,143,151,155,125,127,139,143,199,202,175,195,234,243,176,176,196,205,223,238,181,193
Redonnes,Redonnes,118,126,177,179,181,181,190,190,205,205,226,226,290,292,126,129,200,209,137,137,155,155,123,133,143,147,199,199,154,195,234,243,176,179,205,226,238,238,178,178
Redonnes,Redonnes,124,126,179,179,181,181,190,194,205,205,226,226,292,302,126,129,200,209,137,151,151,155,127,133,139,143,199,202,175,195,234,243,176,179,196,205,238,238,181,193
Redonnes,Redonnes,118,126,179,179,175,181,188,190,205,207,226,226,290,290,126,126,200,209,137,143,151,155,131,133,139,143,190,199,175,195,234,243,176,182,202,226,223,238,181,193
Redonnes,Redonnes,118,126,179,179,175,181,190,194,205,207,226,226,292,292,126,129,206,218,143,145,151,155,123,133,139,143,199,199,175,195,234,243,176,176,202,205,223,238,184,184
Redonnes,Redonnes,118,126,179,183,175,181,190,194,205,207,226,226,294,294,126,129,206,209,143,149,151,155,123,123,133,139,196,196,175,195,234,243,176,176,202,226,223,238,181,193
Redonnes,Redonnes,118,126,177,179,181,181,188,190,205,207,226,226,290,294,129,132,206,209,137,143,151,155,123,127,133,143,196,202,172,175,234,243,176,179,196,205,238,241,181,193
Redonnes,Redonnes,118,118,177,179,181,181,190,190,205,205,226,226,292,294,126,129,200,206,137,143,155,155,127,133,139,143,199,202,175,175,234,243,176,176,205,226,223,238,181,193
Redonnes,Redonnes,118,126,177,179,175,181,190,194,205,207,226,226,292,294,129,129,206,209,137,151,151,155,127,133,139,147,199,202,154,175,234,243,176,179,202,205,223,238,181,181
Redonnes,Redonnes,124,126,179,179,175,181,190,190,205,207,226,226,292,294,129,132,206,209,137,153,151,155,127,133,139,143,199,202,175,195,234,243,176,179,202,205,238,238,181,181
Redonnes,Redonnes,124,126,179,179,181,181,188,194,205,205,226,226,292,292,129,129,200,209,143,151,151,151,131,133,139,143,199,202,175,195,234,243,176,179,196,205,235,238,181,193
Redonnes,Redonnes,118,126,179,179,175,181,188,190,205,207,226,226,290,302,126,129,206,209,137,143,151,155,133,145,143,145,196,196,175,195,234,243,176,176,226,229,223,238,181,193
Redonnes,Redonnes,118,126,179,179,175,181,190,194,205,207,226,226,292,304,126,126,206,206,137,143,151,155,123,145,139,143,196,196,175,195,234,243,176,176,202,202,223,238,193,193
Redonnes,Redonnes,118,126,179,183,181,181,190,194,205,207,226,226,292,302,126,126,200,209,143,145,151,155,123,145,139,143,199,202,175,195,234,243,176,176,205,226,223,238,181,193
Redonnes,Redonnes,118,126,177,179,175,181,190,194,207,207,226,226,292,292,126,129,206,209,137,143,155,155,133,145,133,143,199,202,154,195,243,243,176,176,205,205,223,238,181,193
Redonnes,Redonnes,118,126,177,179,181,181,190,194,205,207,226,226,292,302,126,129,206,206,137,143,155,155,123,133,139,143,199,202,175,195,234,243,176,176,205,226,223,238,181,193
Redonnes,Redonnes,118,126,177,179,181,181,190,194,205,207,226,226,290,292,129,132,206,206,137,143,151,155,123,133,143,147,199,202,175,195,234,243,176,182,199,205,223,238,181,193
Redonnes,Redonnes,118,126,177,179,175,181,190,194,205,207,224,224,292,294,126,129,200,209,137,143,155,161,123,133,139,143,199,202,175,195,234,243,176,179,205,226,235,238,181,193
Redonnes,Redonnes,118,126,177,183,181,181,188,190,205,205,226,226,292,292,126,129,206,209,137,137,151,151,123,127,143,147,199,202,175,195,234,243,176,179,226,226,223,238,181,193
Redonnes,Redonnes,118,118,179,179,175,181,188,190,205,205,226,226,290,292,126,129,209,209,137,143,151,155,123,133,143,143,190,196,154,175,234,243,176,176,202,226,223,244,181,193
Redonnes,Redonnes,118,126,177,179,175,175,190,190,205,205,226,226,292,302,126,132,200,206,137,143,151,155,127,127,143,147,199,202,175,175,234,234,176,176,196,199,238,238,181,193
Redonnes,Redonnes,124,126,179,179,175,175,190,194,205,205,226,226,290,292,126,132,200,209,151,153,151,155,127,145,143,143,196,199,175,195,234,243,176,176,202,205,238,238,181,181
Redonnes,Redonnes,118,118,177,179,181,181,188,194,205,207,226,226,292,302,126,129,206,209,137,143,151,155,123,133,139,143,196,199,175,195,243,243,176,182,196,226,235,238,181,181
Redonnes,Redonnes,118,126,179,183,181,181,190,194,205,207,226,226,292,302,126,129,200,209,143,149,151,155,123,127,133,139,199,202,175,195,234,243,176,176,205,226,223,238,178,181
