N° Code;Accession N°;Pop N°;Population;Location;Region;Country;Latitude;Longitude;SSR_CLA02;SSR_CLA02;SSR_CLA16;SSR_CLA16;SSR_CLA19;SSR_CLA19;SSR_CLA22;SSR_CLA22;SSR_CLA26;SSR_CLA26;SSR_CLA28;SSR_CLA28;SSR_CLA35;SSR_CLA35;SSR_CLA40;SSR_CLA40;SSR_CLA43;SSR_CLA43;SSR_CLA58;SSR_CLA58;SSR_CLA62;SSR_CLA62;SSR_CLA70;SSR_CLA70;SSR_CLA72;SSR_CLA72;SSR_CLA80;SSR_CLA80;SSR_CLA82;SSR_CLA82;SSR_CLA83;SSR_CLA83;SSR_CLA91;SSR_CLA91;SSR_CLA92;SSR_CLA92;SSR_CLA94;SSR_CLA94;SSR_CLA96;SSR_CLA96
1;Cla001;Pop01;Leucate;Leucate;LR;France;42,90996;3,05638;118;118;179;179;181;181;188;190;205;205;226;226;290;302;129;129;206;209;143;143;151;151;129;129;139;139;199;199;175;187;243;243;176;176;184;205;235;238;181;184
2;Cla002;Pop01;Leucate;Leucate;LR;France;42,90996;3,05638;118;120;177;179;181;181;188;196;211;211;226;226;292;336;126;129;209;218;139;143;151;157;129;129;133;133;202;202;175;175;243;246;176;176;187;208;223;238;181;181
3;Cla003;Pop01;Leucate;Leucate;LR;France;42,90996;3,05638;118;118;179;179;181;181;190;192;205;213;226;226;292;292;129;132;209;209;139;143;151;151;117;129;143;145;199;202;172;172;243;243;176;179;208;220;235;238;181;187
4;Cla004;Pop01;Leucate;Leucate;LR;France;42,90996;3,05638;118;118;177;179;181;181;192;198;209;209;226;226;286;286;126;129;209;209;143;143;151;151;117;135;139;139;0;0;178;184;234;243;176;176;187;202;229;235;181;181
5;Cla041;Pop01;Leucate;Leucate;LR;France;42,90996;3,05638;118;120;177;179;181;181;192;196;0;0;222;226;288;310;129;129;209;209;143;143;151;161;0;0;139;139;202;202;154;172;234;243;176;176;187;193;235;235;181;193
6;Cla042;Pop01;Leucate;Leucate;LR;France;42,90996;3,05638;118;120;177;179;181;181;192;196;209;211;222;222;288;310;129;129;209;209;143;143;151;161;129;135;139;139;202;202;154;172;234;243;176;176;187;193;235;235;181;193
7;Cla044;Pop01;Leucate;Leucate;LR;France;42,90996;3,05638;0;0;177;179;181;181;0;0;0;0;226;226;0;0;129;129;0;0;139;143;151;151;0;0;139;139;196;199;0;0;234;234;0;0;0;0;235;235;0;0
8;Cla045;Pop01;Leucate;Leucate;LR;France;42,90996;3,05638;0;0;177;179;181;181;188;196;0;0;226;226;292;336;129;129;0;0;139;143;151;151;0;0;139;139;199;199;0;0;234;234;176;188;187;205;235;235;181;187
9;Cla046;Pop01;Leucate;Leucate;LR;France;42,90996;3,05638;118;118;177;177;181;181;188;188;0;0;226;226;288;336;126;129;209;227;0;0;157;157;117;135;0;0;199;202;175;195;243;243;188;200;202;205;223;235;0;0
10;Cla047;Pop01;Leucate;Leucate;LR;France;42,90996;3,05638;118;126;177;177;181;181;190;196;207;211;226;226;310;336;126;126;209;224;143;147;151;151;117;133;125;143;199;202;175;178;243;243;176;197;187;214;235;235;181;184
11;Cla048;Pop01;Leucate;Leucate;LR;France;42,90996;3,05638;118;120;177;179;181;181;192;196;213;213;222;222;288;310;126;129;209;221;137;137;155;155;117;133;125;125;199;199;154;187;234;243;176;176;202;208;235;235;181;193
12;Cla049;Pop01;Leucate;Leucate;LR;France;42,90996;3,05638;118;126;177;179;181;181;190;190;205;205;226;226;292;336;126;129;209;209;143;143;163;163;117;141;133;143;199;199;172;189;243;246;176;176;205;205;235;235;178;181
13;Cla051;Pop01;Leucate;Leucate;LR;France;42,90996;3,05638;118;120;177;177;181;181;188;192;205;213;226;226;286;336;126;129;197;200;139;147;151;157;117;135;139;139;199;202;172;175;243;243;176;188;187;202;235;235;181;184
14;Cla052;Pop01;Leucate;Leucate;LR;France;42,90996;3,05638;118;118;177;179;181;181;190;192;205;207;226;226;288;296;126;129;209;218;143;143;151;151;117;139;139;139;196;199;175;195;234;243;176;179;202;202;235;238;178;181
15;Cla054;Pop01;Leucate;Leucate;LR;France;42,90996;3,05638;118;118;177;177;181;181;188;188;207;213;226;226;288;336;126;129;209;227;139;147;157;157;117;135;133;145;202;202;175;195;243;243;188;200;202;202;223;235;181;187
16;Cla055;Pop01;Leucate;Leucate;LR;France;42,90996;3,05638;118;120;177;177;181;181;188;196;205;209;226;226;310;336;129;132;224;233;143;143;151;151;117;117;139;145;199;202;178;178;243;243;176;179;205;205;235;235;181;181
17;Cla057;Pop02;Lapalme;Lapalme;LR;France;42,99069;3,01395;118;144;177;179;181;181;188;192;205;207;226;226;292;310;126;129;209;209;139;143;161;161;133;141;133;143;199;199;175;175;243;243;176;176;187;202;238;238;181;181
18;Cla058;Pop02;Lapalme;Lapalme;LR;France;42,99069;3,01395;118;120;177;177;181;181;192;192;209;213;222;222;292;292;129;129;200;200;143;143;151;151;133;141;145;145;202;202;175;175;240;243;173;176;202;202;235;235;181;181
19;Cla059;Pop02;Lapalme;Lapalme;LR;France;42,99069;3,01395;118;120;177;177;181;181;190;190;207;207;226;226;300;300;129;132;200;209;143;143;151;161;0;0;0;0;202;202;0;0;234;243;176;176;187;223;238;238;181;181
20;Cla060;Pop02;Lapalme;Lapalme;LR;France;42,99069;3,01395;120;120;177;177;181;181;188;192;205;213;226;226;292;298;129;129;209;209;143;143;151;151;135;139;133;145;202;202;175;187;243;243;176;179;202;202;235;238;181;181
21;Cla061;Pop02;Lapalme;Lapalme;LR;France;42,99069;3,01395;118;144;177;181;181;181;188;198;207;207;226;226;292;298;132;132;224;227;143;143;151;151;133;141;133;147;199;199;166;175;234;234;176;176;202;202;235;235;181;184
22;Cla062;Pop02;Lapalme;Lapalme;LR;France;42,99069;3,01395;120;144;177;179;181;181;192;198;207;213;226;226;292;302;129;132;209;218;143;143;161;161;133;133;143;145;0;0;172;189;243;243;176;182;187;205;235;238;181;184
23;Cla063;Pop02;Lapalme;Lapalme;LR;France;42,99069;3,01395;118;120;177;179;181;181;192;196;205;207;226;226;290;292;129;132;200;209;140;143;151;151;137;145;133;145;202;202;172;187;243;243;173;176;187;202;235;235;181;184
24;Cla064;Pop02;Lapalme;Lapalme;LR;France;42,99069;3,01395;118;120;177;179;181;181;190;198;209;213;226;226;292;300;129;132;209;227;143;145;161;161;135;141;133;145;0;0;166;172;234;234;176;176;202;202;235;235;184;184
25;Cla065;Pop02;Lapalme;Lapalme;LR;France;42,99069;3,01395;118;120;177;177;181;181;190;190;207;207;226;226;292;308;129;129;209;215;143;143;161;161;135;145;143;143;199;199;172;175;243;243;176;179;202;214;235;235;181;184
26;Cla066;Pop02;Lapalme;Lapalme;LR;France;42,99069;3,01395;118;118;177;177;181;181;190;192;207;207;226;226;290;292;129;132;197;221;143;145;151;161;135;145;133;145;202;202;163;175;234;243;170;179;202;202;235;238;181;184
27;Cla067;Pop02;Lapalme;Lapalme;LR;France;42,99069;3,01395;118;118;177;179;175;181;192;192;205;209;226;226;292;292;129;132;209;212;139;145;151;151;117;133;151;151;203;203;166;166;240;243;170;179;202;214;235;235;181;181
28;Cla068;Pop02;Lapalme;Lapalme;LR;France;42,99069;3,01395;118;118;179;179;181;181;192;198;205;207;226;226;308;310;129;132;200;209;139;143;151;151;141;145;141;145;202;202;175;175;243;243;179;182;187;202;235;235;181;184
29;Cla069;Pop02;Lapalme;Lapalme;LR;France;42,99069;3,01395;118;120;177;177;181;181;190;198;207;207;226;226;292;298;129;129;209;218;143;145;151;161;137;141;133;145;187;199;175;175;234;243;176;176;187;205;235;238;178;181
30;Cla070;Pop02;Lapalme;Lapalme;LR;France;42,99069;3,01395;118;140;177;177;181;181;192;192;207;209;226;226;292;292;129;129;209;218;143;143;151;161;133;139;143;145;0;0;157;157;234;243;176;182;205;223;235;235;181;184
31;Cla071;Pop02;Lapalme;Lapalme;LR;France;42,99069;3,01395;114;118;177;177;181;181;192;192;207;209;226;226;290;290;126;129;209;209;143;143;151;161;137;145;0;0;199;199;166;175;234;234;176;179;208;214;235;238;181;184
32;Cla072;Pop03;Gruissan;Gruissan;LR;France;43,13503;3,09489;118;118;177;179;181;181;190;196;207;207;226;226;288;292;126;132;236;236;145;145;151;151;117;137;145;145;187;199;172;175;234;243;176;176;187;187;235;235;184;184
33;Cla073;Pop03;Gruissan;Gruissan;LR;France;43,13503;3,09489;118;120;177;177;181;181;190;190;207;213;226;226;294;294;120;129;206;209;143;143;151;151;117;137;139;145;199;202;172;172;243;243;179;179;187;226;235;235;181;181
34;Cla074;Pop03;Gruissan;Gruissan;LR;France;43,13503;3,09489;118;118;177;179;181;181;190;196;209;209;226;226;290;294;126;132;206;209;139;139;151;151;117;137;139;145;199;199;175;178;243;243;167;176;187;187;235;235;181;181
35;Cla075;Pop03;Gruissan;Gruissan;LR;France;43,13503;3,09489;118;118;177;177;181;181;192;192;207;211;226;226;290;290;126;132;209;233;143;145;151;151;133;137;143;145;0;0;172;175;243;243;176;185;187;202;235;235;181;181
36;Cla076;Pop03;Gruissan;Gruissan;LR;France;43,13503;3,09489;118;118;177;179;181;181;190;190;207;209;226;226;294;294;129;132;209;209;145;145;151;151;117;133;139;139;0;0;175;175;243;243;176;185;187;202;235;235;181;181
37;Cla077;Pop03;Gruissan;Gruissan;LR;France;43,13503;3,09489;118;118;177;177;181;181;190;198;207;209;226;226;290;294;120;126;218;218;137;137;151;155;133;147;139;145;202;202;172;175;243;243;176;188;187;187;235;235;181;184
38;Cla078;Pop03;Gruissan;Gruissan;LR;France;43,13503;3,09489;118;118;179;179;181;181;190;192;207;207;226;226;282;292;126;132;218;236;143;143;151;151;117;137;145;145;199;199;172;175;234;243;179;185;187;187;235;235;181;184
39;Cla079;Pop03;Gruissan;Gruissan;LR;France;43,13503;3,09489;118;118;177;179;181;181;192;196;207;211;226;226;294;296;120;132;209;209;145;145;151;151;137;147;0;0;187;187;175;175;234;243;179;194;187;202;235;235;181;181
40;Cla080;Pop03;Gruissan;Gruissan;LR;France;43,13503;3,09489;118;118;177;177;181;181;190;190;207;211;226;226;294;302;120;120;206;224;137;137;151;151;137;147;139;145;202;202;172;172;243;243;176;179;187;187;223;235;181;181
41;Cla081;Pop03;Gruissan;Gruissan;LR;France;43,13503;3,09489;118;118;177;179;181;181;190;192;211;211;226;226;294;302;120;126;224;224;137;145;151;151;137;147;139;145;199;199;172;172;234;243;176;179;187;202;223;235;181;181
42;Cla082;Pop03;Gruissan;Gruissan;LR;France;43,13503;3,09489;118;118;179;179;181;181;190;192;207;211;226;226;294;294;120;126;209;209;137;145;151;151;117;147;139;145;0;0;172;175;243;243;179;194;187;202;235;235;181;181
43;Cla083;Pop03;Gruissan;Gruissan;LR;France;43,13503;3,09489;118;118;177;179;181;181;196;196;207;209;226;226;290;292;120;120;209;209;143;143;151;155;0;0;133;139;202;202;172;175;243;243;185;185;187;187;235;235;181;184
44;Cla085;Pop03;Gruissan;Gruissan;LR;France;43,13503;3,09489;118;118;177;179;181;181;190;190;207;207;226;226;292;294;120;129;209;209;137;145;151;157;117;147;145;145;199;202;172;175;243;243;176;179;187;199;223;235;181;181
45;Cla086;Pop03;Gruissan;Gruissan;LR;France;43,13503;3,09489;118;118;177;179;181;181;192;194;209;209;226;226;292;294;132;132;233;233;143;143;155;155;117;137;139;145;199;199;175;175;243;243;176;185;187;187;235;235;184;187
46;Cla056;Pop04;Ceyreste;Ceyreste;Paca;France;43,21642;5,60679;118;120;177;177;175;181;188;188;207;211;226;226;302;320;120;126;209;209;143;149;157;157;135;149;147;147;199;199;154;172;234;234;170;182;193;229;235;235;178;181
47;Cla087;Pop04;Ceyreste;Ceyreste;Paca;France;43,21642;5,60679;120;120;177;177;153;175;192;192;207;207;226;226;292;302;126;126;206;206;143;149;159;159;135;149;147;147;199;199;172;187;234;234;170;182;187;187;232;232;178;181
48;Cla088;Pop04;Ceyreste;Ceyreste;Paca;France;43,21642;5,60679;120;120;177;177;175;181;192;192;207;207;226;226;292;296;126;126;218;218;143;143;157;157;135;135;147;147;199;199;187;187;234;234;179;182;193;193;232;232;181;181
49;Cla089;Pop04;Ceyreste;Ceyreste;Paca;France;43,21642;5,60679;118;118;177;177;153;175;188;188;205;207;226;226;298;310;126;126;209;209;143;143;157;157;133;133;145;145;199;199;154;154;234;234;179;182;187;193;232;232;178;181
50;Cla090;Pop04;Ceyreste;Ceyreste;Paca;France;43,21642;5,60679;120;120;177;177;175;181;192;192;207;207;226;226;292;298;126;129;218;218;143;149;157;157;133;133;145;147;199;199;154;154;234;234;170;170;187;229;0;0;178;178
51;Cla091;Pop04;Ceyreste;Ceyreste;Paca;France;43,21642;5,60679;118;118;177;177;181;181;188;192;207;211;226;226;294;294;120;126;209;209;143;151;157;157;133;149;145;147;199;199;172;187;234;234;170;182;211;226;0;0;178;184
52;Cla092;Pop04;Ceyreste;Ceyreste;Paca;France;43,21642;5,60679;118;118;177;179;175;175;192;192;207;211;224;224;292;294;126;129;218;218;143;143;157;157;133;149;145;145;199;199;154;172;234;234;170;170;187;211;238;238;178;178
53;Cla093;Pop04;Ceyreste;Ceyreste;Paca;France;43,21642;5,60679;118;118;177;177;153;175;188;192;207;211;226;226;292;302;126;126;209;209;143;143;157;159;133;135;145;165;199;202;154;154;234;234;185;185;211;226;229;235;181;181
54;Cla094;Pop04;Ceyreste;Ceyreste;Paca;France;43,21642;5,60679;118;120;177;177;181;181;188;192;207;211;226;226;296;310;126;129;203;203;149;149;157;157;133;149;145;147;199;199;154;187;234;234;170;185;193;193;235;235;178;178
55;Cla095;Pop04;Ceyreste;Ceyreste;Paca;France;43,21642;5,60679;118;120;177;179;153;181;188;192;207;211;226;226;296;310;120;126;209;209;143;143;153;157;135;149;145;147;187;199;187;187;234;234;170;182;193;193;232;232;181;181
56;Cla096;Pop04;Ceyreste;Ceyreste;Paca;France;43,21642;5,60679;118;120;177;177;175;175;188;192;211;211;224;224;306;310;126;129;209;209;143;143;0;0;135;143;141;141;199;199;172;187;234;234;170;179;193;193;235;238;181;181
57;Cla097;Pop04;Ceyreste;Ceyreste;Paca;France;43,21642;5,60679;0;0;177;179;175;181;190;192;207;207;226;226;0;0;126;126;0;0;0;0;0;0;0;0;0;0;199;199;0;0;234;234;0;0;205;211;0;0;0;0
58;Cla099;Pop04;Ceyreste;Ceyreste;Paca;France;43,21642;5,60679;120;120;177;177;175;181;188;192;205;207;224;226;276;310;126;126;206;206;143;143;161;161;133;135;145;145;199;199;154;154;234;234;182;182;193;193;232;232;178;178
59;Cla100;Pop04;Ceyreste;Ceyreste;Paca;France;43,21642;5,60679;118;120;177;177;153;175;192;192;211;211;224;224;292;294;126;126;218;218;143;143;157;157;135;149;145;145;199;199;154;187;234;234;170;170;193;211;229;238;178;181
60;Cla101;Pop05;Ensues_1;Ensues la redonne_1;Paca;France;43,33118;5,2081;118;118;179;183;175;175;190;194;207;207;226;226;292;302;126;126;200;200;137;151;151;155;127;133;133;143;199;199;154;163;243;243;176;176;202;226;238;238;181;193
61;Cla102;Pop05;Ensues_1;Ensues la redonne_1;Paca;France;43,33118;5,2081;118;126;177;179;175;181;190;194;205;205;226;226;292;302;126;126;200;209;143;143;155;155;127;127;133;143;199;202;195;195;243;243;176;176;226;226;0;0;181;181
62;Cla103;Pop05;Ensues_1;Ensues la redonne_1;Paca;France;43,33118;5,2081;118;126;179;179;175;181;194;194;205;205;226;226;290;302;126;126;200;209;143;151;155;155;123;127;133;143;202;202;195;195;234;243;176;176;226;226;238;238;181;181
63;Cla104;Pop05;Ensues_1;Ensues la redonne_1;Paca;France;43,33118;5,2081;118;126;179;179;175;181;190;194;207;207;226;226;292;292;126;126;200;200;143;143;155;155;123;123;139;143;199;199;175;195;234;243;176;176;199;205;238;238;193;193
64;Cla105;Pop05;Ensues_1;Ensues la redonne_1;Paca;France;43,33118;5,2081;118;126;179;179;181;181;190;190;207;207;226;226;292;292;126;129;200;200;143;151;155;155;123;133;139;143;199;199;0;0;234;243;176;176;202;226;238;238;181;193
65;Cla106;Pop05;Ensues_1;Ensues la redonne_1;Paca;France;43,33118;5,2081;126;126;179;179;175;181;190;190;207;207;226;226;290;292;126;129;200;200;137;143;151;155;123;133;139;143;199;199;163;195;243;243;176;176;202;205;223;238;181;193
66;Cla107;Pop05;Ensues_1;Ensues la redonne_1;Paca;France;43,33118;5,2081;118;126;179;179;175;181;194;194;205;205;226;226;290;302;126;126;200;209;143;151;155;155;123;127;143;143;202;202;195;195;234;243;176;176;226;226;238;238;181;181
67;Cla108;Pop05;Ensues_1;Ensues la redonne_1;Paca;France;43,33118;5,2081;118;118;179;179;181;181;190;190;207;207;226;226;292;292;126;129;200;200;143;143;155;155;123;133;133;139;0;0;175;187;243;243;176;176;205;226;238;238;181;181
68;Cla109;Pop05;Ensues_1;Ensues la redonne_1;Paca;France;43,33118;5,2081;118;126;179;179;175;175;194;194;205;207;226;226;290;302;126;126;209;209;143;151;155;155;123;127;133;143;202;202;195;195;243;243;176;176;199;226;235;235;181;181
69;Cla110;Pop05;Ensues_1;Ensues la redonne_1;Paca;France;43,33118;5,2081;118;126;179;179;175;181;190;190;205;207;226;226;290;292;129;129;200;200;137;143;151;155;133;133;139;143;0;0;163;195;234;243;176;176;205;205;238;238;181;181
70;Cla111;Pop05;Ensues_1;Ensues la redonne_1;Paca;France;43,33118;5,2081;118;126;179;179;175;175;190;194;205;207;226;226;292;292;126;126;200;209;143;151;155;155;127;133;133;139;0;0;175;195;234;243;176;176;205;205;0;0;181;181
71;Cla112;Pop05;Ensues_1;Ensues la redonne_1;Paca;France;43,33118;5,2081;118;118;179;179;175;181;194;194;205;205;226;226;302;302;126;126;200;200;137;151;155;155;123;135;143;143;199;199;195;195;243;243;176;176;199;226;238;238;181;181
72;Cla114;Pop05;Ensues_1;Ensues la redonne_1;Paca;France;43,33118;5,2081;118;126;179;183;181;181;190;194;205;207;226;226;290;292;129;132;200;200;143;143;151;151;123;145;143;143;199;202;154;175;234;243;176;176;202;205;238;238;181;181
73;Cla021;Pop11;Castellet;Le Castellet;Paca;France;43,23653;5,7553;120;120;177;179;153;175;198;198;211;215;226;226;292;292;126;126;215;215;143;143;187;187;133;133;145;145;0;0;175;189;234;243;170;182;187;187;238;238;205;205
74;Cla290;Pop11;Castellet;Le Castellet;Paca;France;43,23653;5,7553;116;116;177;179;153;181;192;198;211;215;226;226;294;314;126;129;215;215;143;155;157;157;135;135;145;145;187;199;178;178;234;234;170;179;193;193;232;232;178;178
75;Cla291;Pop11;Castellet;Le Castellet;Paca;France;43,23653;5,7553;118;118;177;177;175;175;192;192;207;211;226;226;294;314;126;126;203;203;145;153;189;189;135;135;145;145;187;187;187;189;234;234;170;170;187;187;232;232;184;205
76;Cla292;Pop11;Castellet;Le Castellet;Paca;France;43,23653;5,7553;118;120;177;177;175;175;188;192;207;211;226;226;294;296;126;126;203;203;145;155;153;157;135;149;125;125;187;214;154;154;234;234;170;182;193;205;232;232;178;205
77;Cla293;Pop11;Castellet;Le Castellet;Paca;France;43,23653;5,7553;118;120;177;177;153;181;188;192;215;215;226;226;294;302;126;126;212;215;143;143;157;161;133;135;125;143;187;217;178;187;234;234;179;182;187;193;232;232;178;181
78;Cla294;Pop11;Castellet;Le Castellet;Paca;France;43,23653;5,7553;118;118;177;177;175;175;192;198;207;207;226;226;292;294;126;129;212;212;143;145;157;157;133;135;165;165;202;214;187;187;234;243;170;170;187;211;232;232;178;181
79;Cla295;Pop11;Castellet;Le Castellet;Paca;France;43,23653;5,7553;120;120;177;177;175;175;192;192;207;207;226;226;294;302;120;129;215;215;145;145;157;157;133;135;125;125;187;187;187;187;234;243;170;179;187;193;232;232;178;178
80;Cla296;Pop11;Castellet;Le Castellet;Paca;France;43,23653;5,7553;118;118;177;177;175;181;188;188;211;215;224;226;294;306;126;126;207;207;143;155;157;157;135;135;125;125;187;214;154;178;234;234;170;182;187;199;232;232;178;181
81;Cla297;Pop11;Castellet;Le Castellet;Paca;France;43,23653;5,7553;118;118;177;177;175;175;188;192;207;211;226;226;302;314;126;126;209;209;145;145;191;191;135;135;145;145;187;214;172;175;234;234;170;170;193;211;232;232;193;205
82;Cla298;Pop11;Castellet;Le Castellet;Paca;France;43,23653;5,7553;118;118;177;177;181;181;188;190;211;211;226;226;292;294;126;129;215;215;145;145;157;157;133;133;145;145;0;0;154;178;234;234;170;179;193;199;232;232;178;184
83;Cla299;Pop11;Castellet;Le Castellet;Paca;France;43,23653;5,7553;118;120;177;177;175;175;188;192;205;211;226;226;302;322;126;129;215;215;145;145;157;157;133;133;125;125;187;214;187;187;234;234;182;182;187;193;232;232;178;181
84;Cla300;Pop11;Castellet;Le Castellet;Paca;France;43,23653;5,7553;118;118;177;177;175;181;188;192;207;211;224;226;294;294;126;129;209;215;149;153;155;157;133;133;141;147;187;214;178;187;234;234;170;170;187;193;232;232;178;181
85;Cla301;Pop11;Castellet;Le Castellet;Paca;France;43,23653;5,7553;118;118;177;177;175;175;188;198;211;211;226;226;276;314;126;129;212;215;143;155;157;157;135;135;145;145;187;187;187;187;234;243;170;179;205;226;232;232;178;181
86;Cla302;Pop11;Castellet;Le Castellet;Paca;France;43,23653;5,7553;118;118;177;177;175;175;188;192;205;215;226;226;294;294;126;126;206;206;155;155;157;157;135;149;145;145;199;199;154;187;234;243;170;179;187;205;232;232;178;178
87;Cla303;Pop11;Castellet;Le Castellet;Paca;France;43,23653;5,7553;118;120;177;177;153;175;188;190;213;215;226;226;296;310;126;129;215;215;143;145;193;193;133;133;145;145;187;187;154;187;234;234;170;179;193;193;244;244;178;181
88;Cla304;Pop11;Castellet;Le Castellet;Paca;France;43,23653;5,7553;118;120;177;177;175;181;188;188;211;215;226;226;294;302;126;126;206;206;145;149;195;195;133;149;145;145;187;187;172;187;234;234;170;179;193;205;232;232;178;178
89;Cla305;Pop11;Castellet;Le Castellet;Paca;France;43,23653;5,7553;114;114;177;177;153;175;190;192;211;211;226;226;302;302;126;129;230;215;145;145;157;157;133;149;145;147;187;187;187;187;234;234;170;179;193;193;232;232;178;178
90;Cla306;Pop11;Castellet;Le Castellet;Paca;France;43,23653;5,7553;118;120;177;177;175;175;190;192;211;213;226;226;302;314;126;126;200;200;143;145;157;157;133;135;145;145;187;199;178;187;234;234;170;179;187;193;238;244;178;181
91;Cla307;Pop11;Castellet;Le Castellet;Paca;France;43,23653;5,7553;118;118;177;177;175;181;192;192;211;211;226;226;292;302;129;129;215;215;143;145;157;157;133;133;147;147;187;187;178;187;234;234;170;182;193;193;232;232;178;178
92;Cla308;Pop11;Castellet;Le Castellet;Paca;France;43,23653;5,7553;118;118;177;177;175;181;188;192;211;215;226;226;292;294;126;126;209;209;145;155;157;157;133;149;125;125;199;199;178;187;234;243;170;179;193;193;232;238;178;205
93;Cla309;Pop11;Castellet;Le Castellet;Paca;France;43,23653;5,7553;118;118;177;177;175;175;188;192;205;215;226;226;294;296;126;126;215;218;143;145;161;161;133;133;145;147;187;187;154;189;234;234;179;182;193;193;235;238;178;178
94;Cla310;Pop11;Castellet;Le Castellet;Paca;France;43,23653;5,7553;118;118;177;177;175;181;192;192;211;211;226;226;292;292;126;126;215;215;149;149;157;157;149;149;145;145;187;217;178;187;234;243;170;179;193;193;232;232;178;184
95;Cla311;Pop11;Castellet;Le Castellet;Paca;France;43,23653;5,7553;118;118;177;177;153;181;188;192;211;211;226;226;298;302;126;126;206;206;143;145;157;157;133;149;145;145;199;199;187;189;234;234;170;170;193;205;232;232;178;178
96;Cla312;Pop11;Castellet;Le Castellet;Paca;France;43,23653;5,7553;120;120;177;177;175;175;190;198;211;211;226;226;276;296;120;126;203;203;143;145;157;157;133;135;145;145;187;187;187;187;234;234;170;179;187;193;235;238;181;184
97;Cla313;Pop11;Castellet;Le Castellet;Paca;France;43,23653;5,7553;118;118;177;177;153;175;192;198;207;211;226;226;292;294;120;126;209;209;145;149;157;157;135;149;145;145;187;187;154;175;234;243;170;179;193;205;229;229;178;178
98;Cla314;Pop11;Castellet;Le Castellet;Paca;France;43,23653;5,7553;118;118;177;177;175;175;192;192;211;211;226;226;294;294;126;129;203;218;152;155;151;151;135;149;125;125;199;199;154;172;234;234;179;182;193;205;232;238;181;184
99;Cla315;Pop11;Castellet;Le Castellet;Paca;France;43,23653;5,7553;114;114;177;177;175;175;188;192;211;211;226;226;294;294;126;126;206;206;145;145;157;157;133;135;145;145;187;187;154;178;234;234;170;182;193;199;232;232;178;184
100;Cla316;Pop11;Castellet;Le Castellet;Paca;France;43,23653;5,7553;120;120;177;177;175;181;192;198;207;207;226;226;292;296;126;126;215;215;143;143;157;157;133;135;145;145;187;187;154;187;234;234;179;182;193;193;232;232;181;205
101;Cla317;Pop11;Castellet;Le Castellet;Paca;France;43,23653;5,7553;118;118;177;177;153;181;188;198;207;207;226;226;294;314;126;129;0;0;145;145;157;157;133;135;145;145;199;199;178;187;234;243;170;182;193;211;232;232;178;178
102;Cla318;Pop11;Castellet;Le Castellet;Paca;France;43,23653;5,7553;118;120;177;177;153;175;198;198;211;215;224;224;276;314;126;126;206;206;143;145;157;157;135;149;147;147;199;199;187;189;234;243;170;179;187;193;232;235;178;205
103;Cla319;Pop11;Castellet;Le Castellet;Paca;France;43,23653;5,7553;118;118;177;177;153;181;192;198;207;207;226;226;276;294;126;126;212;212;143;149;157;157;135;135;145;145;0;0;178;187;234;234;170;170;205;211;232;232;178;184
104;Cla116;Pop06;Serra;Serra;Valenciana;Spain;39,70866;-0,4279;118;118;177;177;181;181;190;190;205;213;222;226;288;302;126;126;206;209;137;137;151;151;135;139;145;145;202;202;172;172;234;243;176;185;202;226;235;235;181;193
105;Cla117;Pop06;Serra;Serra;Valenciana;Spain;39,70866;-0,4279;118;118;177;179;181;181;190;198;207;213;226;226;290;292;126;129;209;209;139;139;151;151;143;145;143;145;199;199;0;0;234;234;176;185;202;214;235;235;181;181
106;Cla118;Pop06;Serra;Serra;Valenciana;Spain;39,70866;-0,4279;118;118;177;177;181;181;190;192;205;207;226;226;292;292;129;129;206;224;145;145;151;151;135;135;145;145;202;202;0;0;234;243;176;185;205;205;235;235;181;193
107;Cla119;Pop06;Serra;Serra;Valenciana;Spain;39,70866;-0,4279;118;118;177;177;181;181;190;192;205;213;222;226;296;302;129;132;209;209;137;143;151;151;133;135;139;143;202;202;172;172;234;243;179;182;202;205;235;235;181;181
108;Cla120;Pop06;Serra;Serra;Valenciana;Spain;39,70866;-0,4279;118;118;177;177;181;181;190;190;205;205;226;226;302;302;129;132;209;209;152;152;151;151;135;135;145;145;196;199;172;175;234;243;176;179;202;205;235;235;184;193
109;Cla121;Pop06;Serra;Serra;Valenciana;Spain;39,70866;-0,4279;118;118;177;179;181;181;192;192;205;205;222;226;288;290;126;129;221;221;0;0;151;151;135;145;145;145;202;202;0;0;234;243;179;185;199;205;238;238;181;193
110;Cla122;Pop06;Serra;Serra;Valenciana;Spain;39,70866;-0,4279;118;140;177;177;181;181;192;198;205;213;222;226;302;302;129;129;209;212;143;143;151;151;125;143;143;145;199;202;166;175;234;243;176;182;199;205;235;235;181;181
111;Cla123;Pop06;Serra;Serra;Valenciana;Spain;39,70866;-0,4279;118;118;177;179;181;181;190;190;205;205;226;226;298;302;126;126;209;209;143;143;151;151;129;145;139;143;202;202;172;178;234;243;179;179;226;226;223;235;181;193
112;Cla124;Pop06;Serra;Serra;Valenciana;Spain;39,70866;-0,4279;118;118;177;179;181;181;190;192;205;205;226;226;294;304;126;129;209;209;143;143;151;151;143;145;139;145;0;0;172;187;234;243;179;179;193;226;223;235;181;181
113;Cla125;Pop06;Serra;Serra;Valenciana;Spain;39,70866;-0,4279;118;118;177;177;181;181;190;192;213;213;226;226;288;302;129;129;209;209;145;145;151;151;135;135;139;139;199;199;172;172;243;243;176;176;187;205;235;235;181;181
114;Cla126;Pop07;Roja;Riba Roja de Turia;Valenciana;Spain;39,54764;-0,60005;118;118;177;177;181;181;192;192;205;213;226;226;296;298;129;129;206;209;152;155;151;151;129;139;145;145;199;199;175;175;234;234;173;182;187;202;238;241;181;181
115;Cla127;Pop07;Roja;Riba Roja de Turia;Valenciana;Spain;39,54764;-0,60005;118;118;183;183;181;181;190;190;205;205;226;226;302;302;126;129;197;206;143;143;151;193;133;135;145;145;187;202;175;175;234;243;182;182;196;202;235;235;181;181
116;Cla128;Pop07;Roja;Riba Roja de Turia;Valenciana;Spain;39,54764;-0,60005;118;120;177;179;181;181;192;194;207;211;226;226;290;298;126;132;206;215;139;139;151;151;123;135;143;145;202;202;172;175;234;243;179;185;187;202;223;238;181;181
117;Cla129;Pop07;Roja;Riba Roja de Turia;Valenciana;Spain;39,54764;-0,60005;118;120;177;183;175;181;190;198;205;211;222;226;290;302;126;126;218;218;139;139;151;151;133;133;139;145;202;202;175;178;243;243;176;185;187;229;238;238;181;181
118;Cla130;Pop07;Roja;Riba Roja de Turia;Valenciana;Spain;39,54764;-0,60005;118;120;177;177;181;181;190;198;205;207;226;226;290;302;126;129;197;206;140;157;151;151;123;139;133;143;202;202;175;184;243;243;179;182;187;202;241;241;181;193
119;Cla131;Pop07;Roja;Riba Roja de Turia;Valenciana;Spain;39,54764;-0,60005;118;118;177;177;181;181;190;192;205;207;226;226;296;302;129;132;206;209;143;143;157;157;129;133;133;145;199;202;175;175;243;243;179;182;202;205;241;241;181;193
120;Cla132;Pop07;Roja;Riba Roja de Turia;Valenciana;Spain;39,54764;-0,60005;118;118;177;183;181;181;190;198;207;207;226;226;296;302;129;129;215;215;0;0;151;151;137;137;133;133;199;199;172;184;234;243;179;182;187;214;235;235;181;181
121;Cla133;Pop07;Roja;Riba Roja de Turia;Valenciana;Spain;39,54764;-0,60005;118;118;177;183;181;181;190;192;205;207;222;226;298;302;126;132;209;218;152;152;193;193;133;135;143;145;202;202;175;175;234;234;173;176;202;205;238;238;181;181
122;Cla134;Pop07;Roja;Riba Roja de Turia;Valenciana;Spain;39,54764;-0,60005;118;120;177;179;175;181;190;192;205;207;226;226;292;298;126;129;206;209;139;143;151;151;129;133;145;145;202;202;175;175;234;243;182;182;187;202;241;241;181;181
123;Cla135;Pop07;Roja;Riba Roja de Turia;Valenciana;Spain;39,54764;-0,60005;118;118;177;179;181;181;190;192;209;211;222;226;298;310;129;132;209;209;143;143;151;151;129;133;145;145;202;202;175;175;234;243;176;179;187;205;238;238;181;181
124;Cla166;Pop07;Roja;Riba Roja de Turia;Valenciana;Spain;39,54764;-0,60005;118;118;177;179;181;181;190;192;207;211;222;226;298;302;129;129;197;218;143;143;151;151;131;147;0;0;202;202;166;175;243;243;185;185;205;211;223;235;181;193
125;Cla167;Pop07;Roja;Riba Roja de Turia;Valenciana;Spain;39,54764;-0,60005;118;120;177;177;175;181;190;198;205;207;224;226;288;298;129;129;206;209;143;143;151;151;123;133;145;145;202;202;175;178;234;234;176;176;202;205;235;235;181;181
126;Cla168;Pop07;Roja;Riba Roja de Turia;Valenciana;Spain;39,54764;-0,60005;118;118;177;177;181;181;192;192;205;207;222;226;290;302;126;126;197;206;152;152;151;151;135;139;145;145;202;202;175;178;234;243;179;182;202;211;235;235;181;181
127;Cla169;Pop07;Roja;Riba Roja de Turia;Valenciana;Spain;39,54764;-0,60005;118;118;177;183;181;181;190;198;205;205;224;226;288;298;126;132;197;206;143;143;193;193;133;133;133;133;199;202;163;175;234;234;182;182;199;229;235;235;181;184
128;Cla170;Pop07;Roja;Riba Roja de Turia;Valenciana;Spain;39,54764;-0,60005;118;118;177;183;181;181;190;192;207;207;226;226;292;302;126;129;218;218;152;152;151;151;129;133;133;133;202;202;175;175;234;243;176;185;199;205;235;235;181;181
129;Cla467;Pop07;Roja;Riba Roja de Turia;Valenciana;Spain;39,54764;-0,60005;120;126;177;183;181;181;190;192;211;211;224;226;288;294;129;132;209;218;137;139;151;155;135;139;139;143;190;202;184;189;234;243;176;182;205;217;235;238;181;181
130;Cla468;Pop07;Roja;Riba Roja de Turia;Valenciana;Spain;39,54764;-0,60005;118;120;177;177;181;181;190;192;205;211;226;226;290;298;126;129;206;209;147;147;151;151;117;133;141;143;199;202;175;178;243;243;176;179;205;211;238;238;181;181
131;Cla469;Pop07;Roja;Riba Roja de Turia;Valenciana;Spain;39,54764;-0,60005;118;120;177;179;175;181;192;198;205;207;222;222;290;302;129;132;197;218;139;143;151;157;129;137;133;141;199;199;175;178;234;243;179;185;202;202;235;238;181;181
132;Cla470;Pop07;Roja;Riba Roja de Turia;Valenciana;Spain;39,54764;-0,60005;118;118;177;179;181;181;190;192;211;211;222;226;290;304;132;132;197;206;143;147;151;151;135;137;145;145;199;199;175;178;243;243;179;182;202;205;235;235;181;181
133;Cla471;Pop07;Roja;Riba Roja de Turia;Valenciana;Spain;39,54764;-0,60005;118;118;177;177;181;181;190;192;209;211;226;226;288;292;129;132;197;206;139;139;151;157;117;135;133;143;199;202;172;178;234;234;176;176;214;220;238;238;181;181
134;Cla472;Pop07;Roja;Riba Roja de Turia;Valenciana;Spain;39,54764;-0,60005;118;118;177;177;175;181;190;198;209;209;226;226;288;300;126;132;206;209;139;139;151;157;117;137;133;139;199;202;172;184;234;234;179;182;205;211;235;238;181;184
135;Cla473;Pop07;Roja;Riba Roja de Turia;Valenciana;Spain;39,54764;-0,60005;118;118;177;179;181;181;190;192;205;209;222;226;292;304;129;132;206;218;139;143;151;151;129;133;139;145;202;202;175;178;234;243;176;185;187;205;235;235;181;181
136;Cla474;Pop07;Roja;Riba Roja de Turia;Valenciana;Spain;39,54764;-0,60005;118;120;177;183;181;181;190;192;207;209;222;226;290;292;126;129;206;209;139;139;151;151;129;145;139;145;199;202;175;184;234;243;176;176;187;211;238;244;181;181
137;Cla475;Pop07;Roja;Riba Roja de Turia;Valenciana;Spain;39,54764;-0,60005;118;120;177;183;181;181;190;192;207;207;226;226;288;302;129;132;206;221;143;143;151;151;135;145;139;143;199;199;175;178;234;243;176;182;211;217;235;238;181;181
138;Cla476;Pop07;Roja;Riba Roja de Turia;Valenciana;Spain;39,54764;-0,60005;118;118;177;177;181;181;188;190;209;211;222;226;298;310;129;129;206;209;137;143;151;151;117;129;139;145;199;202;163;175;243;243;176;179;187;187;223;238;181;181
139;Cla477;Pop07;Roja;Riba Roja de Turia;Valenciana;Spain;39,54764;-0,60005;118;118;177;177;181;181;190;198;205;211;226;226;292;302;126;126;206;218;143;143;151;151;117;137;139;143;199;202;166;175;237;243;176;176;202;205;238;238;181;181
140;Cla478;Pop07;Roja;Riba Roja de Turia;Valenciana;Spain;39,54764;-0,60005;118;118;177;177;175;181;190;190;211;211;226;226;288;302;126;132;206;218;143;143;151;151;123;139;139;143;190;199;175;181;234;234;176;176;202;216;235;235;181;181
141;Cla479;Pop07;Roja;Riba Roja de Turia;Valenciana;Spain;39,54764;-0,60005;118;118;177;177;181;181;190;192;211;211;226;226;288;292;129;132;197;206;143;143;151;151;117;123;139;143;205;205;175;181;234;240;176;185;202;205;235;235;181;181
142;Cla480;Pop07;Roja;Riba Roja de Turia;Valenciana;Spain;39,54764;-0,60005;118;118;177;179;181;181;190;190;207;211;226;226;292;298;126;132;197;206;139;143;151;151;123;139;143;145;190;202;172;178;234;234;182;185;196;202;238;238;181;181
143;Cla481;Pop07;Roja;Riba Roja de Turia;Valenciana;Spain;39,54764;-0,60005;118;118;177;179;181;181;190;198;211;211;226;226;292;292;129;132;206;218;139;143;151;155;137;139;143;145;199;202;175;175;234;243;176;185;187;205;238;238;181;181
144;Cla482;Pop07;Roja;Riba Roja de Turia;Valenciana;Spain;39,54764;-0,60005;118;118;177;177;181;181;190;196;205;207;226;226;290;302;129;129;206;215;143;143;151;151;129;137;145;145;202;202;172;175;234;234;176;185;187;187;223;235;181;181
145;Cla483;Pop07;Roja;Riba Roja de Turia;Valenciana;Spain;39,54764;-0,60005;120;140;177;177;181;181;190;192;205;209;222;222;288;296;126;129;206;209;139;139;151;151;133;135;133;133;199;199;172;178;234;234;176;185;196;202;238;238;181;181
146;Cla484;Pop07;Roja;Riba Roja de Turia;Valenciana;Spain;39,54764;-0,60005;118;120;177;177;181;181;190;192;205;207;226;226;286;308;129;129;197;206;139;143;151;151;117;139;143;145;196;199;178;184;234;243;176;182;187;187;235;238;181;181
147;Cla136;Pop08;Conques;Castellonet de la Conqueste;Valenciana;Spain;38,90372;-0,25545;120;120;177;177;181;181;192;196;205;207;226;226;288;298;126;129;209;209;137;145;151;151;127;141;133;133;0;0;175;187;243;243;176;182;187;208;238;238;181;193
148;Cla137;Pop08;Conques;Castellonet de la Conqueste;Valenciana;Spain;38,90372;-0,25545;118;120;179;179;181;181;190;192;205;209;226;226;288;292;129;129;215;215;145;145;151;155;139;141;143;145;199;211;181;181;234;234;167;176;211;211;235;235;181;181
149;Cla138;Pop08;Conques;Castellonet de la Conqueste;Valenciana;Spain;38,90372;-0,25545;120;120;177;179;175;181;188;190;205;207;226;226;288;296;129;129;215;215;145;145;151;167;117;139;133;133;202;202;0;0;243;243;179;185;187;202;235;235;181;181
150;Cla139;Pop08;Conques;Castellonet de la Conqueste;Valenciana;Spain;38,90372;-0,25545;118;118;177;177;181;181;190;196;207;209;226;226;292;332;126;129;209;215;143;143;151;151;139;141;143;143;199;199;154;172;234;243;176;185;187;205;235;235;181;181
151;Cla141;Pop08;Conques;Castellonet de la Conqueste;Valenciana;Spain;38,90372;-0,25545;118;120;177;179;181;181;190;190;207;213;226;226;288;298;126;129;215;215;143;145;151;155;123;139;133;145;202;202;181;181;234;234;167;185;187;211;238;238;181;181
152;Cla142;Pop08;Conques;Castellonet de la Conqueste;Valenciana;Spain;38,90372;-0,25545;118;120;177;179;181;181;190;194;205;213;226;226;288;298;126;129;215;215;145;145;155;167;123;123;0;0;202;202;175;181;234;234;176;185;199;205;235;235;181;181
153;Cla143;Pop08;Conques;Castellonet de la Conqueste;Valenciana;Spain;38,90372;-0,25545;118;120;177;179;181;181;190;190;207;213;226;226;288;298;126;129;215;215;143;145;151;151;139;141;145;145;202;202;182;182;234;234;176;185;211;211;235;235;181;187
154;Cla145;Pop08;Conques;Castellonet de la Conqueste;Valenciana;Spain;38,90372;-0,25545;118;118;177;179;175;181;188;194;205;215;226;226;288;288;126;129;200;215;143;145;167;167;123;123;143;143;202;202;175;187;234;234;176;185;187;205;235;235;181;181
155;Cla146;Pop09;Alcai;Alcai;Valenciana;Spain;38,71996;-0,53882;118;118;179;179;181;181;188;200;207;209;226;226;294;296;129;129;197;206;139;143;157;157;123;123;143;143;199;202;172;189;234;234;167;188;214;223;232;235;178;178
156;Cla147;Pop09;Alcai;Alcai;Valenciana;Spain;38,71996;-0,53882;120;126;179;179;181;181;188;190;207;213;226;226;290;294;120;129;209;221;143;143;151;157;135;135;133;133;199;199;172;178;234;234;176;185;190;205;235;235;181;205
157;Cla148;Pop09;Alcai;Alcai;Valenciana;Spain;38,71996;-0,53882;118;118;177;177;181;181;188;190;205;207;224;224;288;332;129;129;206;206;139;145;151;151;133;135;133;143;199;202;172;172;234;243;176;176;205;211;235;235;193;193
158;Cla149;Pop09;Alcai;Alcai;Valenciana;Spain;38,71996;-0,53882;118;118;177;179;181;181;190;196;205;217;226;226;288;332;132;132;218;218;143;143;151;163;133;135;139;139;199;199;187;187;234;234;167;185;199;220;226;235;181;193
159;Cla150;Pop09;Alcai;Alcai;Valenciana;Spain;38,71996;-0,53882;118;118;177;179;181;181;188;190;207;213;226;226;294;312;120;129;209;221;139;139;151;151;139;145;143;143;187;226;154;187;234;246;176;182;202;205;232;235;181;181
160;Cla151;Pop09;Alcai;Alcai;Valenciana;Spain;38,71996;-0,53882;118;118;177;179;153;181;194;200;205;209;226;226;294;312;129;129;206;206;143;143;157;157;123;135;133;143;187;202;172;189;234;234;182;182;205;217;235;235;178;181
161;Cla152;Pop09;Alcai;Alcai;Valenciana;Spain;38,71996;-0,53882;118;118;177;179;181;181;190;200;207;207;226;226;294;310;129;132;197;224;137;143;163;163;135;135;133;133;187;202;157;172;234;243;176;176;193;205;226;229;178;193
162;Cla153;Pop09;Alcai;Alcai;Valenciana;Spain;38,71996;-0,53882;118;118;177;179;153;181;192;194;205;205;224;224;292;312;120;129;206;206;139;139;159;159;123;133;143;143;0;0;172;172;234;234;176;176;205;217;235;235;181;181
163;Cla154;Pop09;Alcai;Alcai;Valenciana;Spain;38,71996;-0,53882;118;118;177;179;153;181;190;196;209;213;226;226;310;320;129;129;209;224;139;143;151;151;135;139;143;145;202;202;172;172;234;243;176;185;202;205;229;235;178;181
164;Cla155;Pop09;Alcai;Alcai;Valenciana;Spain;38,71996;-0,53882;118;118;179;179;153;181;190;194;205;207;226;226;294;308;120;120;206;209;139;139;155;157;133;135;133;133;199;202;172;187;234;234;176;176;205;214;232;235;193;193
165;Cla171;Pop09;Alcai;Alcai;Valenciana;Spain;38,71996;-0,53882;118;120;177;177;181;181;188;190;207;207;226;226;0;0;0;0;206;218;143;143;151;155;135;145;133;143;199;199;172;172;234;243;182;185;205;220;0;0;178;181
166;Cla172;Pop09;Alcai;Alcai;Valenciana;Spain;38,71996;-0,53882;120;126;177;177;181;181;190;192;209;217;222;226;294;308;126;129;200;224;145;145;157;157;133;135;143;145;199;199;172;172;234;234;176;185;186;211;229;235;181;181
167;Cla173;Pop09;Alcai;Alcai;Valenciana;Spain;38,71996;-0,53882;118;118;177;177;181;181;190;192;207;207;226;226;288;312;126;129;206;206;139;139;151;151;123;145;143;143;196;196;154;175;234;234;176;176;205;205;235;235;181;202
168;Cla174;Pop09;Alcai;Alcai;Valenciana;Spain;38,71996;-0,53882;118;124;179;179;181;181;190;192;207;209;222;222;294;308;129;132;206;209;143;143;157;157;123;135;143;143;199;202;157;172;234;243;188;188;190;220;229;235;178;193
169;Cla175;Pop09;Alcai;Alcai;Valenciana;Spain;38,71996;-0,53882;118;118;177;177;181;181;188;190;205;205;226;226;294;294;126;129;209;209;139;139;151;151;133;139;125;125;187;199;172;172;234;234;182;185;187;214;229;235;178;181
170;Cla486;Pop09;Alcai;Alcai;Valenciana;Spain;38,71996;-0,53882;120;120;177;179;175;181;188;192;207;207;226;226;292;294;129;129;206;215;137;139;151;151;135;139;143;143;199;199;172;172;234;234;173;182;190;220;235;238;193;205
171;Cla487;Pop09;Alcai;Alcai;Valenciana;Spain;38,71996;-0,53882;118;118;177;179;181;181;190;192;205;213;226;226;288;298;126;129;218;221;143;143;151;151;117;133;143;143;202;202;172;175;234;243;185;185;186;205;229;229;181;181
172;Cla488;Pop09;Alcai;Alcai;Valenciana;Spain;38,71996;-0,53882;118;120;179;181;181;181;188;190;213;213;226;226;300;302;120;129;197;206;143;151;155;155;117;133;133;147;199;199;178;187;234;243;176;182;187;205;229;235;181;181
173;Cla489;Pop09;Alcai;Alcai;Valenciana;Spain;38,71996;-0,53882;120;120;177;179;181;181;190;192;207;217;226;226;292;294;120;132;197;224;139;139;151;161;137;139;143;145;199;202;157;172;234;243;167;179;190;220;238;238;178;193
174;Cla490;Pop09;Alcai;Alcai;Valenciana;Spain;38,71996;-0,53882;118;118;177;179;181;181;190;196;207;207;222;226;290;292;129;132;206;209;139;153;157;157;123;143;143;143;199;199;172;172;234;243;167;182;205;217;229;235;178;181
175;Cla491;Pop09;Alcai;Alcai;Valenciana;Spain;38,71996;-0,53882;120;120;177;177;181;181;188;190;213;217;222;226;308;310;120;129;206;209;139;145;151;155;117;129;133;143;199;202;172;175;234;243;176;176;193;205;229;235;178;181
176;Cla492;Pop09;Alcai;Alcai;Valenciana;Spain;38,71996;-0,53882;118;118;177;179;181;181;184;192;207;207;222;222;292;310;120;129;209;224;143;143;151;155;127;133;133;133;202;202;172;172;234;234;176;179;187;205;235;235;181;193
177;Cla493;Pop09;Alcai;Alcai;Valenciana;Spain;38,71996;-0,53882;118;118;177;179;181;181;190;192;205;205;222;226;310;312;126;129;206;221;139;143;151;151;133;135;143;143;196;199;172;187;234;243;176;176;217;226;235;235;181;193
178;Cla494;Pop09;Alcai;Alcai;Valenciana;Spain;38,71996;-0,53882;118;118;177;177;181;181;188;190;207;209;222;226;290;310;120;129;206;209;139;139;151;163;123;135;143;143;199;199;172;189;234;243;176;182;190;202;235;238;181;193
179;Cla495;Pop09;Alcai;Alcai;Valenciana;Spain;38,71996;-0,53882;118;118;179;179;181;181;186;200;205;209;222;226;294;298;126;132;197;206;139;139;151;155;135;139;133;143;202;202;175;178;234;234;194;194;186;205;235;238;178;193
180;Cla496;Pop09;Alcai;Alcai;Valenciana;Spain;38,71996;-0,53882;118;118;177;179;181;181;190;190;207;209;226;226;294;332;120;129;209;224;137;137;157;157;117;145;143;147;199;199;172;172;234;234;176;176;187;205;232;235;178;193
181;Cla497;Pop09;Alcai;Alcai;Valenciana;Spain;38,71996;-0,53882;118;120;177;177;181;181;190;192;205;207;222;226;294;314;120;132;206;209;147;147;151;151;127;133;145;145;202;202;157;172;234;243;185;185;202;205;232;235;181;181
182;Cla498;Pop09;Alcai;Alcai;Valenciana;Spain;38,71996;-0,53882;118;120;179;179;181;181;190;200;207;207;222;226;292;310;129;132;206;209;143;143;151;151;123;133;143;143;199;199;175;175;234;243;176;182;205;211;229;235;193;205
183;Cla499;Pop09;Alcai;Alcai;Valenciana;Spain;38,71996;-0,53882;118;118;177;179;181;181;190;196;207;207;226;226;290;314;129;129;206;224;139;145;151;151;123;123;143;143;199;199;172;175;234;234;176;176;187;205;229;241;178;181
184;Cla500;Pop09;Alcai;Alcai;Valenciana;Spain;38,71996;-0,53882;118;118;177;177;181;181;188;190;205;205;226;226;292;294;126;129;209;209;141;141;151;151;133;139;133;133;199;202;172;172;234;234;182;185;187;214;229;235;178;181
185;Cla501;Pop09;Alcai;Alcai;Valenciana;Spain;38,71996;-0,53882;118;118;179;179;153;181;190;194;205;207;224;224;294;308;129;129;206;209;139;139;155;157;133;135;133;133;199;202;172;187;234;234;176;176;205;214;232;235;181;193
186;Cla156;Pop10;Alhama;Alhama de Almeria;Andalucia;Spain;36,95591;-2,59785;118;118;171;177;181;181;192;194;205;205;226;226;294;294;123;129;206;206;143;143;151;151;133;137;145;147;199;199;175;175;234;240;176;176;193;205;238;238;181;181
187;Cla157;Pop10;Alhama;Alhama de Almeria;Andalucia;Spain;36,95591;-2,59785;118;118;179;179;181;181;190;192;205;207;226;226;294;294;144;144;224;224;137;137;151;151;133;137;141;147;199;199;163;169;234;234;179;179;196;205;235;235;181;181
188;Cla158;Pop10;Alhama;Alhama de Almeria;Andalucia;Spain;36,95591;-2,59785;118;120;177;181;181;181;192;192;205;213;224;226;294;296;129;129;221;227;143;145;151;151;123;137;133;147;199;199;175;175;240;243;173;176;175;193;238;238;181;181
189;Cla159;Pop10;Alhama;Alhama de Almeria;Andalucia;Spain;36,95591;-2,59785;118;118;177;177;181;181;194;194;213;213;224;226;290;300;129;132;215;224;137;145;151;151;123;133;145;147;199;199;169;175;234;240;176;176;205;208;235;235;181;181
190;Cla160;Pop10;Alhama;Alhama de Almeria;Andalucia;Spain;36,95591;-2,59785;118;118;171;177;181;181;194;194;205;213;226;226;290;300;129;129;209;215;137;137;151;155;123;133;147;147;0;0;181;192;234;234;176;176;205;205;235;235;181;181
191;Cla161;Pop10;Alhama;Alhama de Almeria;Andalucia;Spain;36,95591;-2,59785;126;126;179;181;181;181;190;194;205;211;226;226;290;290;129;132;206;227;137;145;151;151;123;137;133;145;199;199;181;195;234;243;176;176;193;205;238;238;181;181
192;Cla162;Pop10;Alhama;Alhama de Almeria;Andalucia;Spain;36,95591;-2,59785;118;118;177;181;181;181;190;194;205;213;226;226;288;300;132;132;215;227;145;145;151;151;123;147;145;147;199;199;175;192;240;243;176;176;205;208;235;235;181;181
193;Cla163;Pop10;Alhama;Alhama de Almeria;Andalucia;Spain;36,95591;-2,59785;118;126;179;181;181;181;192;194;205;207;226;226;290;294;126;126;215;215;137;145;151;151;123;133;137;137;199;202;154;172;234;243;176;179;193;205;238;238;181;181
194;Cla164;Pop10;Alhama;Alhama de Almeria;Andalucia;Spain;36,95591;-2,59785;118;120;177;179;181;181;192;192;205;213;224;226;288;288;129;132;206;221;137;137;151;151;137;145;145;147;202;202;181;189;243;243;173;176;205;205;238;238;181;181
195;Cla165;Pop10;Alhama;Alhama de Almeria;Andalucia;Spain;36,95591;-2,59785;118;118;179;181;181;181;190;198;205;207;226;226;290;296;129;132;206;221;145;145;151;155;123;123;141;145;199;199;181;181;234;234;179;179;205;205;235;235;181;181
196;Cla176;Pop10;Alhama;Alhama de Almeria;Andalucia;Spain;36,95591;-2,59785;118;126;179;179;181;181;190;194;211;213;226;226;290;300;129;132;206;209;145;145;151;151;123;123;141;141;199;199;172;181;234;243;176;179;202;205;238;238;181;181
197;Cla177;Pop10;Alhama;Alhama de Almeria;Andalucia;Spain;36,95591;-2,59785;118;118;179;181;181;181;198;198;205;205;224;226;294;294;129;132;209;227;137;143;151;151;133;137;145;145;199;202;181;189;234;234;176;176;202;202;235;235;181;181
198;Cla178;Pop10;Alhama;Alhama de Almeria;Andalucia;Spain;36,95591;-2,59785;118;118;177;181;181;181;184;190;205;207;226;226;288;300;129;132;206;206;145;145;151;155;133;149;133;147;187;187;175;189;234;243;176;176;187;205;238;238;181;181
199;Cla179;Pop10;Alhama;Alhama de Almeria;Andalucia;Spain;36,95591;-2,59785;118;120;171;177;181;181;192;198;205;213;226;226;290;294;129;129;206;221;145;145;151;151;123;133;145;145;199;199;181;181;234;234;182;182;193;193;238;238;181;181
200;Cla180;Pop10;Alhama;Alhama de Almeria;Andalucia;Spain;36,95591;-2,59785;118;120;171;179;179;181;192;198;205;205;226;226;290;290;126;129;212;227;143;143;151;151;123;137;141;145;199;199;181;189;234;246;176;176;205;214;238;238;181;181
201;Cla181;Pop13;Rute;Rute;Andalucia;Spain;37,32975;-4,35373;118;118;177;177;181;181;190;198;213;215;226;226;290;292;129;129;221;221;155;155;151;153;145;145;143;147;199;199;187;189;234;234;167;182;193;193;238;238;181;184
202;Cla182;Pop13;Rute;Rute;Andalucia;Spain;37,32975;-4,35373;118;118;177;177;181;181;192;192;205;213;226;226;290;292;129;129;209;212;153;153;151;151;143;143;143;147;199;199;187;189;234;243;179;182;202;202;238;244;181;184
203;Cla183;Pop13;Rute;Rute;Andalucia;Spain;37,32975;-4,35373;118;118;177;177;181;181;190;190;207;215;226;226;290;292;129;132;221;221;137;137;153;153;133;145;147;147;199;199;187;189;234;234;176;182;193;193;238;238;181;181
204;Cla184;Pop13;Rute;Rute;Andalucia;Spain;37,32975;-4,35373;118;118;177;177;181;181;190;192;215;215;226;226;292;292;129;129;0;0;137;137;151;153;133;145;143;147;199;199;0;0;234;234;182;182;193;193;223;223;181;184
205;Cla185;Pop13;Rute;Rute;Andalucia;Spain;37,32975;-4,35373;118;118;177;177;181;181;190;192;207;213;222;226;292;292;129;129;209;218;137;145;153;153;133;133;139;147;199;199;157;192;234;234;167;182;193;193;238;238;181;184
206;Cla186;Pop13;Rute;Rute;Andalucia;Spain;37,32975;-4,35373;118;118;177;177;181;181;190;190;207;207;226;226;292;294;129;129;212;212;145;153;151;151;133;143;143;143;199;199;187;189;234;234;179;179;193;199;238;238;181;184
207;Cla187;Pop13;Rute;Rute;Andalucia;Spain;37,32975;-4,35373;118;118;177;177;181;181;190;190;213;213;226;226;276;292;129;129;209;212;145;145;151;153;123;127;141;141;199;199;175;175;234;234;167;176;193;202;238;238;181;181
208;Cla189;Pop13;Rute;Rute;Andalucia;Spain;37,32975;-4,35373;118;118;177;177;181;181;190;192;205;213;226;226;292;292;129;132;209;221;137;137;151;151;123;145;147;147;0;0;0;0;234;234;167;167;193;193;238;238;181;181
209;Cla190;Pop13;Rute;Rute;Andalucia;Spain;37,32975;-4,35373;118;118;177;177;181;181;190;194;207;207;226;226;286;294;129;129;224;224;139;153;151;151;129;143;141;143;199;199;0;0;234;234;167;182;199;202;244;244;181;181
210;Cla191;Pop13;Rute;Rute;Andalucia;Spain;37,32975;-4,35373;118;118;177;177;181;181;190;198;207;213;222;226;292;294;129;129;212;218;137;153;151;153;133;143;139;143;199;199;0;0;234;234;179;179;193;199;238;238;181;184
211;Cla192;Pop13;Rute;Rute;Andalucia;Spain;37,32975;-4,35373;118;118;177;177;181;181;194;198;207;213;226;226;286;294;129;129;224;224;139;153;151;153;129;143;141;143;199;199;0;0;234;234;167;182;199;202;244;244;181;184
212;Cla193;Pop13;Rute;Rute;Andalucia;Spain;37,32975;-4,35373;118;118;177;177;181;181;198;198;207;207;226;226;292;294;129;129;212;224;153;153;151;151;143;143;141;143;199;199;187;189;234;234;167;179;199;202;238;238;181;181
213;Cla194;Pop13;Rute;Rute;Andalucia;Spain;37,32975;-4,35373;118;118;177;177;181;181;190;198;207;207;226;226;292;294;129;129;209;224;0;0;151;151;143;145;143;143;199;199;175;187;234;234;167;182;193;202;244;244;181;181
214;Cla195;Pop13;Rute;Rute;Andalucia;Spain;37,32975;-4,35373;118;118;177;177;181;181;190;190;207;213;226;226;290;292;129;132;212;212;153;153;151;153;143;145;143;147;199;199;187;189;234;234;182;182;193;199;238;238;181;181
215;Cla196;Pop14;Marbella;Marbella;Andalucia;Spain;36,53216;-4,87761;118;118;179;179;181;181;192;200;205;207;222;222;284;298;126;126;215;233;139;141;151;151;135;153;143;143;0;0;172;172;234;237;176;179;196;223;238;244;181;181
216;Cla197;Pop14;Marbella;Marbella;Andalucia;Spain;36,53216;-4,87761;118;118;179;179;181;181;192;192;207;207;222;226;284;292;126;129;215;233;162;174;151;151;135;145;133;143;202;202;172;207;234;234;179;179;229;229;238;244;181;181
217;Cla198;Pop14;Marbella;Marbella;Andalucia;Spain;36,53216;-4,87761;118;118;177;179;181;181;192;200;205;207;222;222;284;284;126;126;215;215;139;155;151;151;145;145;141;143;202;202;0;0;234;237;179;182;196;208;238;244;181;181
218;Cla199;Pop14;Marbella;Marbella;Andalucia;Spain;36,53216;-4,87761;118;118;177;179;181;181;192;192;205;207;222;222;292;294;126;129;218;233;139;143;151;151;153;153;143;143;190;190;172;207;234;234;176;179;196;205;238;241;181;181
219;Cla200;Pop14;Marbella;Marbella;Andalucia;Spain;36,53216;-4,87761;118;118;177;179;181;181;190;192;207;207;223;226;284;298;129;129;215;218;143;143;151;151;123;135;143;143;190;190;0;0;234;234;179;179;211;223;241;244;181;181
220;Cla201;Pop14;Marbella;Marbella;Andalucia;Spain;36,53216;-4,87761;118;118;179;179;181;181;192;192;207;207;222;226;284;292;126;129;215;233;162;174;151;151;135;145;133;143;202;202;172;207;234;234;179;179;208;229;238;244;181;181
221;Cla203;Pop14;Marbella;Marbella;Andalucia;Spain;36,53216;-4,87761;118;118;177;179;181;181;192;200;205;207;222;226;284;292;129;129;218;233;139;143;151;151;145;153;143;143;187;187;172;207;234;237;176;179;196;205;238;241;181;181
222;Cla209;Pop14;Marbella;Marbella;Andalucia;Spain;36,53216;-4,87761;118;118;177;179;181;181;192;192;205;205;222;222;294;298;126;129;215;215;139;141;151;151;135;145;143;143;202;202;172;207;234;234;179;179;196;223;244;244;181;181
223;Cla202;Pop14;Marbella;Marbella;Andalucia;Spain;36,53216;-4,87761;118;118;179;179;181;181;192;192;207;207;222;226;284;292;126;129;206;209;143;145;151;151;143;145;133;143;199;202;172;207;234;234;179;179;208;229;238;244;181;181
224;Cla205;Pop14;Marbella;Marbella;Andalucia;Spain;36,53216;-4,87761;118;118;177;179;181;181;192;200;205;207;222;222;284;284;126;126;206;215;145;145;151;151;143;145;141;143;190;202;172;189;234;237;179;182;196;208;238;244;181;181
225;Cla206;Pop14;Marbella;Marbella;Andalucia;Spain;36,53216;-4,87761;118;120;177;179;181;181;190;192;207;207;223;226;284;298;129;129;215;218;143;145;151;151;123;135;143;143;190;190;175;187;234;234;179;179;211;223;241;244;181;181
226;Cla208;Pop14;Marbella;Marbella;Andalucia;Spain;36,53216;-4,87761;118;118;177;179;181;181;192;192;205;207;222;224;292;294;126;129;230;233;145;145;151;151;149;153;143;143;190;190;172;207;234;234;176;179;196;205;238;241;181;181
227;Cla210;Pop14;Marbella;Marbella;Andalucia;Spain;36,53216;-4,87761;118;118;177;179;181;181;192;200;207;207;222;222;284;292;129;129;218;233;139;143;151;151;145;153;143;143;190;199;172;207;234;237;176;179;196;205;238;241;187;187
228;Cla453;Pop14;Marbella;Marbella;Andalucia;Spain;36,53216;-4,87761;118;126;177;179;181;181;190;192;205;207;222;226;284;292;126;129;206;206;137;143;151;155;123;127;141;143;199;202;175;195;234;243;179;182;196;205;238;244;181;193
229;Cla454;Pop14;Marbella;Marbella;Andalucia;Spain;36,53216;-4,87761;118;118;177;179;181;181;190;192;205;207;226;226;284;292;129;129;209;218;139;143;151;151;123;153;143;143;190;199;172;175;234;234;176;179;196;205;238;241;181;193
230;Cla455;Pop14;Marbella;Marbella;Andalucia;Spain;36,53216;-4,87761;118;118;177;179;181;181;190;192;207;207;222;222;284;298;129;132;206;206;143;143;151;151;123;135;143;143;190;199;175;187;234;234;179;179;211;223;241;244;181;181
231;Cla456;Pop14;Marbella;Marbella;Andalucia;Spain;36,53216;-4,87761;118;118;177;179;181;181;190;192;207;209;223;226;284;298;129;129;200;206;143;143;151;155;123;135;133;143;190;202;175;187;234;234;176;179;211;223;241;244;178;181
232;Cla457;Pop14;Marbella;Marbella;Andalucia;Spain;36,53216;-4,87761;118;118;177;179;181;181;190;192;205;205;222;226;292;294;126;129;206;218;139;143;151;151;117;153;143;143;190;190;172;207;234;234;176;179;196;205;241;244;181;181
233;Cla458;Pop14;Marbella;Marbella;Andalucia;Spain;36,53216;-4,87761;118;118;177;179;181;181;190;192;205;207;222;226;284;292;126;129;206;209;139;143;151;151;117;135;133;143;190;190;172;207;234;234;179;179;208;229;238;244;181;181
234;Cla459;Pop14;Marbella;Marbella;Andalucia;Spain;36,53216;-4,87761;118;118;179;179;181;181;192;200;205;207;222;226;284;298;126;129;206;215;139;141;151;151;123;135;143;143;199;199;172;172;234;237;176;179;196;223;238;244;181;181
235;Cla211;Pop15;Nerja;Maro Nerja;Andalucia;Spain;36,76965;-3,85233;118;118;177;179;181;181;190;192;205;211;222;222;298;298;129;129;218;218;139;143;151;151;123;129;143;143;187;187;210;216;234;240;176;176;214;226;235;235;181;184
236;Cla212;Pop15;Nerja;Maro Nerja;Andalucia;Spain;36,76965;-3,85233;118;118;179;179;181;181;198;200;211;211;226;226;298;300;126;126;215;215;145;145;151;151;133;141;141;141;187;199;163;172;240;240;176;176;202;208;235;235;181;184
237;Cla213;Pop15;Nerja;Maro Nerja;Andalucia;Spain;36,76965;-3,85233;118;118;179;181;181;181;190;192;211;213;226;226;302;302;126;126;209;221;139;174;151;151;129;141;143;143;187;187;172;172;240;240;176;176;199;202;235;235;181;181
238;Cla214;Pop15;Nerja;Maro Nerja;Andalucia;Spain;36,76965;-3,85233;118;118;179;179;181;181;188;190;205;211;222;226;286;298;129;129;209;221;143;145;151;151;123;129;143;143;196;196;187;187;234;234;179;194;205;208;235;235;181;181
239;Cla217;Pop15;Nerja;Maro Nerja;Andalucia;Spain;36,76965;-3,85233;118;118;177;177;181;181;188;192;205;213;226;226;292;298;129;129;209;230;139;139;151;151;129;141;133;143;0;0;172;187;234;234;176;194;199;199;235;235;181;181
240;Cla219;Pop15;Nerja;Maro Nerja;Andalucia;Spain;36,76965;-3,85233;118;118;177;177;181;181;192;192;205;211;222;226;304;306;129;129;218;224;145;145;151;151;135;141;143;143;0;0;154;172;234;240;179;194;190;205;235;235;181;187
241;Cla223;Pop15;Nerja;Maro Nerja;Andalucia;Spain;36,76965;-3,85233;118;118;177;181;181;185;190;192;211;211;226;226;286;302;129;129;209;212;139;139;151;151;141;141;143;143;187;199;172;172;234;240;179;185;199;205;235;235;181;181
242;Cla225;Pop15;Nerja;Maro Nerja;Andalucia;Spain;36,76965;-3,85233;118;118;177;179;181;181;192;194;205;211;226;226;290;294;129;129;209;209;139;139;151;151;123;129;143;143;196;196;157;204;240;240;176;176;190;205;235;235;181;181
243;Cla226;Pop16;Puig_Nau;Puig Nau;Valenciana;Spain;40,47567;0,40764;118;128;177;179;181;181;190;192;209;209;226;226;288;292;129;129;209;209;139;139;151;155;117;127;133;141;202;202;172;172;234;243;176;176;187;187;238;238;181;181
244;Cla227;Pop16;Puig_Nau;Puig Nau;Valenciana;Spain;40,47567;0,40764;118;118;177;177;181;181;190;198;205;207;224;224;292;302;126;132;206;209;137;137;151;151;135;139;133;143;187;187;175;187;234;243;176;182;199;214;235;235;181;196
245;Cla228;Pop16;Puig_Nau;Puig Nau;Valenciana;Spain;40,47567;0,40764;118;140;177;177;181;181;192;198;205;209;226;226;292;296;129;132;206;206;143;143;151;151;123;135;143;143;202;202;172;172;234;243;176;176;202;205;238;238;181;181
246;Cla229;Pop16;Puig_Nau;Puig Nau;Valenciana;Spain;40,47567;0,40764;118;118;177;177;181;181;192;192;209;213;226;226;296;304;126;132;209;209;137;137;151;151;133;139;139;145;202;202;172;175;243;243;179;182;205;211;235;238;181;181
247;Cla230;Pop16;Puig_Nau;Puig Nau;Valenciana;Spain;40,47567;0,40764;118;140;177;179;181;181;190;192;205;209;226;226;288;292;132;132;209;209;139;139;151;151;117;135;133;143;187;187;172;175;243;243;176;176;187;214;235;235;181;181
248;Cla231;Pop16;Puig_Nau;Puig Nau;Valenciana;Spain;40,47567;0,40764;118;118;177;179;175;181;196;198;205;207;226;226;294;298;132;132;209;218;137;137;151;161;133;133;133;133;202;202;169;187;240;243;176;197;205;211;238;238;181;181
249;Cla232;Pop16;Puig_Nau;Puig Nau;Valenciana;Spain;40,47567;0,40764;118;118;177;177;181;181;192;192;205;211;224;226;294;296;129;129;209;218;137;137;151;161;117;139;133;145;187;202;172;172;234;243;176;185;187;202;235;238;178;181
250;Cla233;Pop16;Puig_Nau;Puig Nau;Valenciana;Spain;40,47567;0,40764;118;118;177;179;181;181;192;198;205;207;226;226;294;302;129;129;206;209;137;137;151;151;117;135;133;143;205;205;175;187;234;240;176;179;193;199;235;238;178;181
251;Cla234;Pop16;Puig_Nau;Puig Nau;Valenciana;Spain;40,47567;0,40764;118;118;177;177;181;181;192;192;205;209;226;226;296;302;132;132;209;221;137;137;151;151;137;139;145;145;202;202;172;172;243;243;176;182;202;205;235;235;178;181
252;Cla235;Pop16;Puig_Nau;Puig Nau;Valenciana;Spain;40,47567;0,40764;118;126;177;179;181;181;190;190;207;209;226;226;288;292;126;132;206;206;137;143;151;151;117;147;133;145;202;202;172;172;234;234;176;176;187;217;238;238;181;181
253;Cla236;Pop16;Puig_Nau;Puig Nau;Valenciana;Spain;40,47567;0,40764;118;118;177;177;181;181;190;192;205;207;226;226;292;294;126;129;209;209;137;137;151;151;135;139;139;139;202;202;172;172;243;243;176;179;202;205;235;238;181;181
254;Cla237;Pop16;Puig_Nau;Puig Nau;Valenciana;Spain;40,47567;0,40764;118;118;177;177;181;181;192;196;207;207;226;226;292;292;129;132;209;209;139;143;151;155;133;139;143;143;202;202;172;187;240;243;176;185;202;214;235;238;181;181
255;Cla238;Pop16;Puig_Nau;Puig Nau;Valenciana;Spain;40,47567;0,40764;118;118;177;177;181;181;190;192;213;213;226;226;302;302;120;132;218;218;137;137;151;161;133;139;143;145;202;202;172;187;243;243;173;176;202;202;238;238;178;181
256;Cla239;Pop16;Puig_Nau;Puig Nau;Valenciana;Spain;40,47567;0,40764;118;118;177;179;181;181;192;198;205;211;226;226;288;302;129;129;209;209;139;139;151;151;117;127;141;145;202;202;172;175;234;243;176;179;187;202;235;235;178;181
257;Cla240;Pop16;Puig_Nau;Puig Nau;Valenciana;Spain;40,47567;0,40764;118;140;177;179;181;181;192;196;209;209;226;226;294;304;126;129;209;221;143;143;151;151;117;117;133;139;202;202;172;189;240;243;176;179;202;202;235;235;181;181
258;Cla241;Pop17;Pennaroya;Pennaroya de Tastavin;Aragon;Spain;40,75126;0,05691;118;120;177;179;181;181;190;192;207;215;226;226;288;292;126;129;209;209;155;155;151;151;135;139;143;143;187;187;172;187;234;234;176;179;214;226;238;238;181;181
259;Cla242;Pop17;Pennaroya;Pennaroya de Tastavin;Aragon;Spain;40,75126;0,05691;118;118;177;179;181;181;194;198;209;213;226;226;288;292;129;129;209;209;145;145;151;151;139;143;139;139;199;199;184;187;234;234;176;179;187;214;235;235;181;181
260;Cla243;Pop17;Pennaroya;Pennaroya de Tastavin;Aragon;Spain;40,75126;0,05691;118;120;177;177;181;181;186;192;205;207;226;226;288;292;129;132;209;209;143;145;151;151;133;133;139;143;187;187;175;175;243;243;176;179;187;205;235;235;181;184
261;Cla244;Pop17;Pennaroya;Pennaroya de Tastavin;Aragon;Spain;40,75126;0,05691;118;120;179;179;181;181;190;192;213;217;226;226;288;290;129;132;209;209;143;143;151;151;117;129;139;143;187;199;172;187;234;243;179;179;205;214;235;235;181;181
262;Cla245;Pop17;Pennaroya;Pennaroya de Tastavin;Aragon;Spain;40,75126;0,05691;118;118;177;177;181;181;190;198;213;213;222;226;290;292;129;129;209;209;143;143;151;151;129;139;139;139;202;202;175;175;234;243;176;182;187;214;238;238;181;181
263;Cla246;Pop17;Pennaroya;Pennaroya de Tastavin;Aragon;Spain;40,75126;0,05691;118;120;177;177;181;181;196;198;207;209;226;226;288;302;126;132;209;209;143;143;151;161;117;129;139;145;187;199;187;187;243;243;176;179;205;226;238;238;181;184
264;Cla247;Pop17;Pennaroya;Pennaroya de Tastavin;Aragon;Spain;40,75126;0,05691;118;120;177;179;181;181;190;192;207;215;226;226;288;292;126;129;209;209;152;155;151;151;135;139;143;143;202;202;172;187;234;234;176;179;214;226;238;238;181;181
265;Cla248;Pop17;Pennaroya;Pennaroya de Tastavin;Aragon;Spain;40,75126;0,05691;120;120;179;179;181;181;190;192;209;217;222;226;288;290;132;132;209;209;143;143;151;151;139;139;139;143;202;202;172;175;240;243;176;179;205;214;235;235;181;181
266;Cla249;Pop17;Pennaroya;Pennaroya de Tastavin;Aragon;Spain;40,75126;0,05691;118;124;177;177;181;181;192;194;211;213;222;226;288;292;129;132;206;209;143;143;151;151;133;139;143;147;0;0;172;187;234;234;176;179;202;214;238;238;181;184
267;Cla250;Pop17;Pennaroya;Pennaroya de Tastavin;Aragon;Spain;40,75126;0,05691;118;118;177;177;181;181;192;194;209;213;226;226;290;292;129;132;209;209;143;143;151;151;139;139;139;139;187;187;175;187;234;243;176;182;187;217;235;241;181;181
268;Cla251;Pop17;Pennaroya;Pennaroya de Tastavin;Aragon;Spain;40,75126;0,05691;118;120;177;179;181;181;192;192;209;213;226;226;288;290;126;129;209;209;143;143;151;151;133;135;139;139;199;199;172;187;234;243;179;179;205;214;238;238;181;181
269;Cla252;Pop17;Pennaroya;Pennaroya de Tastavin;Aragon;Spain;40,75126;0,05691;118;120;177;177;181;181;192;192;213;213;226;226;288;288;129;129;209;209;143;143;151;151;117;139;139;145;199;202;172;187;234;243;176;179;205;205;238;238;181;181
270;Cla253;Pop17;Pennaroya;Pennaroya de Tastavin;Aragon;Spain;40,75126;0,05691;118;118;177;177;181;181;186;192;213;215;226;226;276;294;129;132;209;218;139;139;151;151;133;139;143;145;0;0;172;175;234;243;176;200;205;223;238;238;181;181
271;Cla254;Pop17;Pennaroya;Pennaroya de Tastavin;Aragon;Spain;40,75126;0,05691;118;118;179;179;181;181;190;192;209;213;226;226;290;296;129;132;206;206;143;143;151;151;117;139;143;145;202;202;175;187;240;243;176;179;187;205;238;238;181;196
272;Cla255;Pop17;Pennaroya;Pennaroya de Tastavin;Aragon;Spain;40,75126;0,05691;118;118;177;179;181;181;190;198;209;213;226;226;288;292;129;132;206;209;143;143;151;151;131;135;139;145;202;202;175;175;234;243;176;179;187;202;238;238;181;181
273;Cla256;Pop18;Sitges;Sitges;Catalunya;Spain;41,26908;1,92494;118;146;177;179;181;181;192;192;205;213;226;226;288;296;129;132;206;218;145;145;151;157;139;139;145;145;202;205;175;175;243;243;176;176;214;217;235;235;181;181
274;Cla257;Pop18;Sitges;Sitges;Catalunya;Spain;41,26908;1,92494;118;118;177;177;175;181;190;190;205;213;226;226;288;296;120;129;206;215;143;143;151;157;133;139;139;145;202;202;0;0;234;234;176;176;202;208;235;235;178;184
275;Cla258;Pop18;Sitges;Sitges;Catalunya;Spain;41,26908;1,92494;118;118;177;177;181;181;192;198;205;207;222;226;290;302;126;129;206;209;137;145;151;157;129;139;139;145;202;202;175;175;234;234;176;194;214;217;235;235;178;184
276;Cla259;Pop18;Sitges;Sitges;Catalunya;Spain;41,26908;1,92494;148;148;177;177;181;181;192;192;205;213;222;226;292;296;126;129;209;209;137;137;157;157;117;133;139;145;202;202;0;0;243;243;176;176;187;202;235;235;178;181
277;Cla260;Pop18;Sitges;Sitges;Catalunya;Spain;41,26908;1,92494;120;120;177;179;181;181;196;198;205;209;222;226;290;302;120;126;209;209;137;143;151;151;133;139;145;145;202;202;175;175;243;243;176;176;187;217;235;238;178;181
278;Cla261;Pop18;Sitges;Sitges;Catalunya;Spain;41,26908;1,92494;118;146;177;177;181;181;192;196;205;209;222;226;274;294;129;129;206;209;143;143;151;155;135;135;145;145;202;202;172;175;234;234;176;176;205;205;229;235;181;205
279;Cla262;Pop18;Sitges;Sitges;Catalunya;Spain;41,26908;1,92494;146;146;177;177;181;181;192;192;205;209;226;226;292;296;126;129;209;209;137;137;151;155;129;139;145;145;202;202;175;175;234;243;176;188;187;202;235;235;181;184
280;Cla263;Pop18;Sitges;Sitges;Catalunya;Spain;41,26908;1,92494;120;140;177;179;181;181;192;192;209;213;222;226;288;288;120;129;209;209;143;143;151;151;117;139;145;145;202;202;157;157;243;243;176;182;199;205;229;235;178;178
281;Cla264;Pop18;Sitges;Sitges;Catalunya;Spain;41,26908;1,92494;118;146;177;177;181;181;188;192;205;209;226;226;288;292;120;126;209;209;137;145;151;151;135;139;143;145;187;187;172;175;234;243;176;200;187;223;229;235;178;181
282;Cla265;Pop18;Sitges;Sitges;Catalunya;Spain;41,26908;1,92494;118;148;177;177;181;181;192;196;205;213;226;226;290;292;126;129;209;218;143;143;157;157;133;139;143;145;202;202;157;175;234;243;164;176;187;205;235;235;181;184
283;Cla266;Pop18;Sitges;Sitges;Catalunya;Spain;41,26908;1,92494;118;140;177;177;181;181;192;192;209;213;222;226;290;294;126;129;206;215;143;143;151;151;117;135;145;145;202;202;0;0;234;234;176;176;202;214;235;235;178;181
284;Cla267;Pop18;Sitges;Sitges;Catalunya;Spain;41,26908;1,92494;140;146;177;177;181;181;192;192;213;213;226;226;296;296;126;129;209;218;137;143;151;151;129;133;145;145;202;202;0;0;234;234;176;200;202;211;235;238;178;184
285;Cla268;Pop18;Sitges;Sitges;Catalunya;Spain;41,26908;1,92494;118;120;177;179;181;181;192;196;205;213;226;226;290;290;126;129;200;206;137;143;151;151;117;139;139;145;202;202;0;0;234;234;176;185;202;211;238;238;178;187
286;Cla269;Pop18;Sitges;Sitges;Catalunya;Spain;41,26908;1,92494;118;120;177;177;153;175;192;192;205;209;222;226;288;296;120;126;209;215;137;143;151;157;133;135;145;145;202;202;172;172;234;234;176;176;202;202;235;235;178;178
287;Cla270;Pop18;Sitges;Sitges;Catalunya;Spain;41,26908;1,92494;118;148;177;177;181;181;192;196;205;209;226;226;296;296;120;132;200;218;137;143;157;157;129;139;145;145;202;202;0;0;234;243;179;194;202;223;235;235;178;184
288;Cla271;Pop19;Barrage_santa;Barrage de Santa Ana;Aragon;Spain;41,88311;0,57608;118;120;177;177;181;181;190;192;205;207;226;226;292;296;129;129;209;209;145;145;151;151;135;135;139;143;202;202;157;187;243;243;176;182;202;205;238;238;184;193
289;Cla272;Pop19;Barrage_santa;Barrage de Santa Ana;Aragon;Spain;41,88311;0,57608;118;120;177;183;181;181;190;192;205;205;226;226;292;292;129;129;206;209;145;145;151;151;133;135;145;145;0;0;175;178;234;243;179;179;187;205;235;235;178;193
290;Cla273;Pop19;Barrage_santa;Barrage de Santa Ana;Aragon;Spain;41,88311;0,57608;118;118;177;177;181;181;192;192;205;207;226;226;288;288;126;129;209;215;143;145;153;153;117;135;139;139;199;202;175;187;243;243;182;182;187;205;238;238;178;193
291;Cla274;Pop19;Barrage_santa;Barrage de Santa Ana;Aragon;Spain;41,88311;0,57608;118;118;179;179;181;181;190;192;205;209;222;226;288;290;126;132;206;221;151;157;153;155;117;137;139;145;199;199;157;187;234;243;176;176;187;205;238;238;178;178
292;Cla275;Pop19;Barrage_santa;Barrage de Santa Ana;Aragon;Spain;41,88311;0,57608;118;118;177;179;181;181;190;192;205;209;226;226;292;294;126;132;209;215;143;143;153;153;131;135;139;145;199;199;157;175;234;234;176;179;202;223;235;235;178;178
293;Cla276;Pop19;Barrage_santa;Barrage de Santa Ana;Aragon;Spain;41,88311;0,57608;118;120;179;181;181;181;190;196;207;207;226;226;292;294;129;132;206;209;143;145;151;151;135;135;139;145;199;199;175;175;234;243;176;179;205;223;238;238;178;181
294;Cla277;Pop19;Barrage_santa;Barrage de Santa Ana;Aragon;Spain;41,88311;0,57608;118;120;177;179;181;181;192;196;207;207;226;226;292;292;129;132;206;206;145;147;153;153;133;133;145;145;199;199;172;187;243;243;176;179;202;205;238;238;178;181
295;Cla278;Pop19;Barrage_santa;Barrage de Santa Ana;Aragon;Spain;41,88311;0,57608;118;120;177;183;181;181;190;190;205;207;226;226;292;292;129;132;209;215;145;145;151;151;133;133;145;147;202;202;175;175;234;240;179;182;187;205;235;235;178;178
296;Cla279;Pop19;Barrage_santa;Barrage de Santa Ana;Aragon;Spain;41,88311;0,57608;118;120;177;177;181;181;190;192;205;209;226;226;296;302;126;129;209;209;145;145;151;157;131;137;139;139;199;199;157;175;234;243;176;176;205;205;238;238;181;184
297;Cla280;Pop19;Barrage_santa;Barrage de Santa Ana;Aragon;Spain;41,88311;0,57608;118;118;177;179;181;181;192;192;205;207;222;226;302;302;129;129;209;218;143;145;151;151;117;133;145;145;187;187;172;175;243;243;179;179;205;205;235;235;178;181
298;Cla281;Pop19;Barrage_santa;Barrage de Santa Ana;Aragon;Spain;41,88311;0,57608;120;120;179;179;181;181;192;196;207;207;226;226;292;292;126;129;209;209;147;147;153;153;133;135;145;145;196;202;157;187;243;243;173;182;202;202;238;238;178;181
299;Cla282;Pop19;Barrage_santa;Barrage de Santa Ana;Aragon;Spain;41,88311;0,57608;120;120;179;179;181;181;192;192;205;207;226;226;288;292;132;132;215;215;145;145;151;151;137;137;139;145;202;202;187;187;234;243;179;182;202;205;238;238;178;184
300;Cla283;Pop19;Barrage_santa;Barrage de Santa Ana;Aragon;Spain;41,88311;0,57608;120;120;177;179;181;181;190;190;207;207;226;226;292;296;129;132;209;209;145;147;151;153;131;137;145;145;199;199;187;187;243;243;173;176;187;202;238;238;178;184
301;Cla284;Pop19;Barrage_santa;Barrage de Santa Ana;Aragon;Spain;41,88311;0,57608;120;120;177;183;181;181;192;192;205;207;224;226;294;294;126;129;209;209;143;143;151;151;117;135;139;145;199;199;175;175;243;243;176;176;190;205;238;238;181;193
302;Cla285;Pop19;Barrage_santa;Barrage de Santa Ana;Aragon;Spain;41,88311;0,57608;120;120;179;179;181;181;192;192;205;207;226;226;288;302;129;132;206;209;143;145;151;151;131;137;133;145;199;199;178;187;234;234;176;179;187;208;238;238;181;184
303;Cla321;Pop20;Port_Alon;Port d'Alon;Paca;France;43,149487;5,706398;118;118;177;177;153;181;192;192;207;211;226;226;294;302;120;126;206;209;143;145;153;157;153;153;141;145;199;199;154;172;234;234;176;179;196;205;232;235;181;181
304;Cla322;Pop20;Port_Alon;Port d'Alon;Paca;France;43,149487;5,706398;118;118;177;179;153;181;192;192;207;207;226;226;296;302;126;126;206;209;147;149;157;157;153;153;145;145;199;199;154;189;234;234;176;182;187;193;232;235;178;181
305;Cla323;Pop20;Port_Alon;Port d'Alon;Paca;France;43,149487;5,706398;118;118;177;179;175;181;188;192;207;207;222;226;294;296;120;126;206;209;143;149;157;157;133;149;143;145;199;202;154;172;234;234;179;182;187;187;238;244;178;181
306;Cla324;Pop20;Port_Alon;Port d'Alon;Paca;France;43,149487;5,706398;118;118;177;179;175;181;188;192;207;207;222;226;292;294;126;132;209;212;143;149;151;157;133;149;143;145;190;199;154;172;234;234;176;179;187;199;238;241;181;181
307;Cla325;Pop20;Port_Alon;Port d'Alon;Paca;France;43,149487;5,706398;118;120;177;179;175;181;192;192;207;207;222;226;294;294;129;129;206;209;139;143;151;157;133;145;141;143;190;199;172;187;234;243;170;179;187;199;232;232;178;181
308;Cla326;Pop20;Port_Alon;Port d'Alon;Paca;France;43,149487;5,706398;118;118;177;177;153;181;192;194;205;207;223;226;292;294;126;126;206;206;143;143;159;159;133;149;143;145;190;199;154;172;234;234;170;179;187;223;241;241;181;181
309;Cla327;Pop20;Port_Alon;Port d'Alon;Paca;France;43,149487;5,706398;118;118;179;179;153;181;192;192;205;207;224;226;296;298;126;126;206;209;143;143;157;157;135;153;145;147;190;199;154;154;234;234;179;182;187;193;238;241;181;187
310;Cla328;Pop20;Port_Alon;Port d'Alon;Paca;France;43,149487;5,706398;118;118;177;177;175;181;192;192;205;205;226;226;292;294;120;126;206;209;139;143;157;157;133;133;143;143;190;190;187;187;234;234;170;179;187;199;238;241;181;181
311;Cla329;Pop20;Port_Alon;Port d'Alon;Paca;France;43,149487;5,706398;118;118;177;179;153;181;192;192;207;207;226;226;294;296;129;129;206;209;143;149;153;157;153;153;141;145;199;199;154;189;234;234;170;179;187;193;232;235;178;181
312;Cla330;Pop20;Port_Alon;Port d'Alon;Paca;France;43,149487;5,706398;118;118;177;179;175;181;188;192;207;207;226;226;294;296;126;126;206;209;143;149;157;157;133;149;145;145;199;199;154;172;234;234;179;182;187;187;232;235;178;181
313;Cla331;Pop20;Port_Alon;Port d'Alon;Paca;France;43,149487;5,706398;118;118;177;179;153;181;192;192;207;207;226;226;296;302;120;126;206;233;143;145;155;157;135;149;145;145;199;199;154;189;234;234;170;179;187;193;232;235;178;181
314;Cla332;Pop20;Port_Alon;Port d'Alon;Paca;France;43,149487;5,706398;118;118;177;179;153;175;188;192;207;207;222;226;296;296;126;129;206;206;145;145;157;157;133;149;133;133;190;199;154;172;237;237;179;182;187;202;232;232;178;181
315;Cla333;Pop20;Port_Alon;Port d'Alon;Paca;France;43,149487;5,706398;118;118;177;177;175;181;192;192;205;205;222;226;294;302;126;126;206;209;143;145;151;157;135;149;141;141;202;202;154;187;234;234;170;179;187;196;232;232;181;181
316;Cla334;Pop20;Port_Alon;Port d'Alon;Paca;France;43,149487;5,706398;118;120;177;177;175;181;188;192;207;207;226;226;276;302;120;126;206;206;145;145;157;157;133;135;145;145;199;199;154;187;234;234;176;179;187;187;232;232;181;181
317;Cla335;Pop20;Port_Alon;Port d'Alon;Paca;France;43,149487;5,706398;118;118;177;177;175;175;192;194;207;211;222;226;294;294;126;126;206;209;143;145;157;157;133;135;143;145;199;199;172;187;234;234;176;182;187;187;235;241;181;181
318;Cla336;Pop20;Port_Alon;Port d'Alon;Paca;France;43,149487;5,706398;118;120;177;179;153;175;194;198;205;211;226;226;292;294;120;126;206;209;143;143;155;157;153;153;143;145;199;199;187;189;234;234;170;179;187;193;232;241;178;178
319;Cla337;Pop20;Port_Alon;Port d'Alon;Paca;France;43,149487;5,706398;118;118;181;181;175;181;188;192;207;211;222;226;276;294;126;126;206;209;143;145;155;155;133;135;145;145;199;199;154;187;234;234;179;182;187;193;232;232;181;181
320;Cla338;Pop20;Port_Alon;Port d'Alon;Paca;France;43,149487;5,706398;118;120;177;179;153;175;194;198;205;211;226;226;292;294;120;126;206;209;143;143;155;157;135;149;145;145;199;199;187;189;234;234;170;176;187;193;232;235;178;178
321;Cla339;Pop20;Port_Alon;Port d'Alon;Paca;France;43,149487;5,706398;118;120;177;179;153;181;192;198;207;211;226;226;292;294;120;126;206;209;143;145;155;157;133;135;145;147;199;202;187;189;234;234;170;179;187;193;235;235;181;181
322;Cla340;Pop20;Port_Alon;Port d'Alon;Paca;France;43,149487;5,706398;118;118;177;177;175;175;188;192;205;205;226;226;294;296;126;126;206;206;143;145;155;159;133;149;145;145;190;199;154;187;234;234;170;179;187;193;235;238;178;181
323;Cla341;Pop20;Port_Alon;Port d'Alon;Paca;France;43,149487;5,706398;118;118;177;177;181;181;188;192;207;211;226;226;276;294;126;126;206;209;143;145;157;157;133;135;145;145;196;196;154;187;234;234;179;182;187;193;232;232;178;181
324;Cla342;Pop20;Port_Alon;Port d'Alon;Paca;France;43,149487;5,706398;118;118;177;179;153;175;192;196;205;215;226;226;296;322;126;129;206;206;145;145;157;157;133;149;133;137;196;196;154;172;234;234;176;179;187;202;232;232;181;193
325;Cla343;Pop20;Port_Alon;Port d'Alon;Paca;France;43,149487;5,706398;118;120;177;179;153;175;194;198;205;211;224;226;292;294;120;120;206;206;143;143;155;155;135;149;143;143;199;199;187;189;234;234;170;179;187;193;232;232;178;187
326;Cla344;Pop20;Port_Alon;Port d'Alon;Paca;France;43,149487;5,706398;118;120;177;177;153;175;192;198;207;207;226;226;294;294;126;126;206;209;145;145;157;157;149;153;141;141;199;199;154;189;234;234;176;182;193;193;232;232;178;193
327;Cla345;Pop20;Port_Alon;Port d'Alon;Paca;France;43,149487;5,706398;118;120;177;177;153;175;192;198;207;207;226;226;294;294;126;126;206;209;143;145;157;157;149;153;143;145;199;199;154;189;234;234;170;182;193;193;232;232;181;181
328;Cla346;Pop20;Port_Alon;Port d'Alon;Paca;France;43,149487;5,706398;118;120;177;179;153;175;194;198;205;205;226;226;292;294;120;120;206;209;147;149;155;155;135;149;145;147;199;199;187;189;234;234;170;170;187;193;235;235;178;178
329;Cla347;Pop20;Port_Alon;Port d'Alon;Paca;France;43,149487;5,706398;118;118;177;177;175;181;192;194;207;207;226;226;304;312;126;129;206;218;143;149;157;157;133;135;145;147;199;199;154;187;234;234;170;182;187;187;232;238;178;181
330;Cla348;Pop20;Port_Alon;Port d'Alon;Paca;France;43,149487;5,706398;118;120;177;179;153;175;194;198;205;211;226;226;292;294;120;129;206;206;143;145;155;155;135;149;145;145;199;199;187;189;234;234;170;176;187;193;235;238;178;178
331;Cla349;Pop20;Port_Alon;Port d'Alon;Paca;France;43,149487;5,706398;118;118;177;177;181;181;192;192;211;211;226;226;294;302;120;126;206;209;143;145;153;157;133;149;141;141;199;199;154;172;234;234;179;179;196;205;232;232;178;181
332;Cla350;Pop20;Port_Alon;Port d'Alon;Paca;France;43,149487;5,706398;118;120;177;177;175;181;188;192;207;211;226;226;276;302;126;132;209;209;145;145;157;157;133;135;141;145;199;199;154;187;234;234;179;182;187;187;232;232;181;193
333;Cla351;Pop20;Port_Alon;Port d'Alon;Paca;France;43,149487;5,706398;118;118;177;179;153;181;192;192;207;207;226;226;296;302;120;126;206;209;149;155;157;157;135;149;145;145;190;190;154;189;234;234;170;179;187;193;232;235;181;181
334;Cla352;Pop20;Port_Alon;Port d'Alon;Paca;France;43,149487;5,706398;118;118;177;179;153;181;192;192;207;207;222;226;296;302;129;132;206;209;149;149;153;153;153;153;145;145;190;190;154;189;234;234;176;182;187;193;232;235;181;181
335;Cla353;Pop20;Port_Alon;Port d'Alon;Paca;France;43,149487;5,706398;118;118;177;177;153;181;188;194;211;211;226;226;276;302;126;126;206;209;143;143;157;157;133;153;145;145;199;199;154;172;234;234;179;179;187;193;232;232;181;181
336;Cla354;Pop20;Port_Alon;Port d'Alon;Paca;France;43,149487;5,706398;118;120;177;179;153;175;194;198;205;211;222;226;292;294;120;120;206;206;143;145;155;155;135;149;145;145;199;199;187;189;234;234;170;179;187;193;232;232;178;178
337;Cla355;Pop20;Port_Alon;Port d'Alon;Paca;France;43,149487;5,706398;118;118;177;177;181;181;192;192;207;207;226;226;276;294;129;132;206;215;143;145;157;157;133;135;145;145;199;199;154;187;234;234;170;179;187;193;229;232;178;181
338;Cla356;Pop20;Port_Alon;Port d'Alon;Paca;France;43,149487;5,706398;118;120;177;179;153;175;194;198;205;211;226;226;292;294;120;120;206;209;143;145;155;157;133;135;145;145;199;199;187;189;234;234;170;179;187;193;238;238;178;181
339;Cla357;Pop20;Port_Alon;Port d'Alon;Paca;France;43,149487;5,706398;118;120;177;179;175;175;192;194;207;207;226;226;276;296;126;129;206;209;143;145;157;157;133;135;145;145;199;199;154;184;234;234;170;179;193;226;232;235;187;187
340;Cla358;Pop20;Port_Alon;Port d'Alon;Paca;France;43,149487;5,706398;118;120;177;179;153;175;192;194;205;211;226;226;292;294;126;126;206;209;143;145;159;159;135;149;143;147;199;199;154;172;234;234;170;179;187;193;232;232;178;205
341;Cla359;Pop20;Port_Alon;Port d'Alon;Paca;France;43,149487;5,706398;118;118;177;177;153;175;192;194;207;207;226;226;296;314;126;129;209;209;143;143;157;157;133;135;143;143;199;199;184;187;234;234;170;182;187;187;232;232;181;181
342;Cla360;Pop21;Azur_Valouc;Cadière d'Azur-Les Valouches;Paca;France;43,192132;5,738091;118;120;177;177;175;181;190;198;205;207;226;226;276;302;126;129;206;218;143;143;153;153;133;153;145;147;199;199;154;172;234;234;170;182;193;205;235;238;181;181
343;Cla361;Pop21;Azur_Valouc;Cadière d'Azur-Les Valouches;Paca;France;43,192132;5,738091;118;118;177;177;153;181;188;192;207;213;224;224;312;314;129;129;206;209;143;143;153;153;133;135;145;147;196;199;172;172;234;234;170;179;187;193;232;232;178;178
344;Cla362;Pop21;Azur_Valouc;Cadière d'Azur-Les Valouches;Paca;France;43,192132;5,738091;118;118;177;179;153;153;188;188;207;207;226;226;276;294;126;126;206;209;143;153;153;153;131;133;143;145;196;196;172;187;234;234;170;179;187;205;232;238;178;178
345;Cla363;Pop21;Azur_Valouc;Cadière d'Azur-Les Valouches;Paca;France;43,192132;5,738091;118;120;177;177;153;181;192;192;205;205;226;226;290;294;129;132;206;209;145;155;157;157;133;135;145;147;199;199;154;175;234;234;170;182;187;193;229;238;178;181
346;Cla364;Pop21;Azur_Valouc;Cadière d'Azur-Les Valouches;Paca;France;43,192132;5,738091;118;120;177;177;175;181;192;192;207;211;226;226;290;302;120;132;206;209;145;155;157;157;133;135;145;147;199;199;154;175;234;234;170;179;187;193;229;229;178;178
347;Cla365;Pop21;Azur_Valouc;Cadière d'Azur-Les Valouches;Paca;France;43,192132;5,738091;118;120;177;179;175;175;188;192;207;207;226;226;274;292;129;129;206;218;143;145;157;157;131;133;145;145;202;202;154;187;234;234;170;179;193;211;232;235;178;181
348;Cla366;Pop21;Azur_Valouc;Cadière d'Azur-Les Valouches;Paca;France;43,192132;5,738091;118;118;177;177;153;175;192;192;205;215;226;226;294;304;120;129;206;206;151;155;157;157;133;135;145;145;199;199;154;187;234;234;182;185;184;196;232;232;178;181
349;Cla367;Pop21;Azur_Valouc;Cadière d'Azur-Les Valouches;Paca;France;43,192132;5,738091;118;118;177;177;153;175;192;192;207;207;226;226;292;294;126;126;206;209;151;155;153;157;133;149;139;145;196;196;172;184;234;234;170;170;193;208;232;232;178;184
350;Cla368;Pop21;Azur_Valouc;Cadière d'Azur-Les Valouches;Paca;France;43,192132;5,738091;118;118;177;177;175;181;190;192;207;207;224;226;292;294;129;132;209;230;151;153;157;157;147;149;145;145;199;199;187;187;234;234;179;185;193;205;235;235;178;178
351;Cla369;Pop21;Azur_Valouc;Cadière d'Azur-Les Valouches;Paca;France;43,192132;5,738091;118;118;177;177;153;181;192;192;207;207;226;226;294;302;126;132;209;209;145;149;153;153;133;135;145;145;199;199;175;187;234;234;173;179;205;217;238;238;178;181
352;Cla370;Pop21;Azur_Valouc;Cadière d'Azur-Les Valouches;Paca;France;43,192132;5,738091;118;118;177;177;175;181;190;192;207;207;226;226;290;302;129;132;206;209;147;149;153;153;131;133;145;145;196;199;172;184;234;234;170;179;199;211;238;238;178;178
353;Cla371;Pop21;Azur_Valouc;Cadière d'Azur-Les Valouches;Paca;France;43,192132;5,738091;118;120;177;177;153;175;190;192;207;207;226;226;290;292;126;126;206;230;145;155;153;157;131;133;145;147;199;199;154;172;234;234;170;179;193;205;232;238;178;181
354;Cla372;Pop21;Azur_Valouc;Cadière d'Azur-Les Valouches;Paca;France;43,192132;5,738091;118;118;177;179;153;175;188;192;207;207;226;226;290;294;120;126;206;206;143;155;157;157;117;135;145;147;199;199;154;172;234;234;170;179;193;205;232;235;178;178
355;Cla373;Pop21;Azur_Valouc;Cadière d'Azur-Les Valouches;Paca;France;43,192132;5,738091;118;120;177;179;175;175;190;192;207;211;226;226;290;306;120;126;209;209;155;155;157;157;133;149;145;145;199;199;154;154;234;234;170;179;193;193;232;235;178;184
356;Cla374;Pop21;Azur_Valouc;Cadière d'Azur-Les Valouches;Paca;France;43,192132;5,738091;118;120;177;177;175;175;192;192;205;211;226;226;290;294;126;126;209;218;143;143;157;157;133;135;145;145;199;199;154;172;234;234;170;170;187;187;235;235;178;181
357;Cla375;Pop21;Azur_Valouc;Cadière d'Azur-Les Valouches;Paca;France;43,192132;5,738091;118;120;177;177;153;175;188;192;205;211;224;226;290;302;126;129;206;209;143;155;157;157;133;135;145;145;190;199;187;189;234;234;170;182;187;211;232;232;178;178
358;Cla376;Pop21;Azur_Valouc;Cadière d'Azur-Les Valouches;Paca;France;43,192132;5,738091;118;120;177;177;175;181;192;192;211;211;226;226;292;294;126;126;209;209;145;145;153;157;133;149;145;145;199;199;154;154;234;234;170;179;193;211;232;232;181;181
359;Cla377;Pop21;Azur_Valouc;Cadière d'Azur-Les Valouches;Paca;France;43,192132;5,738091;118;120;177;177;153;175;188;190;207;207;226;226;302;304;126;126;206;206;145;145;153;157;131;133;145;147;199;199;154;172;234;234;170;170;193;193;232;235;178;178
360;Cla378;Pop21;Azur_Valouc;Cadière d'Azur-Les Valouches;Paca;France;43,192132;5,738091;118;118;177;177;153;181;188;190;207;207;224;226;276;294;126;126;206;209;143;155;157;159;131;133;145;147;199;199;172;175;234;234;170;170;193;205;235;235;178;181
361;Cla379;Pop21;Azur_Valouc;Cadière d'Azur-Les Valouches;Paca;France;43,192132;5,738091;118;120;177;177;153;175;188;190;207;207;226;226;276;294;126;126;206;209;145;155;153;157;131;133;145;147;199;199;154;172;234;234;170;179;193;193;232;235;178;181
362;Cla380;Pop21;Azur_Valouc;Cadière d'Azur-Les Valouches;Paca;France;43,192132;5,738091;118;120;177;179;153;181;188;190;207;207;226;226;276;294;126;126;206;206;143;155;157;159;131;133;145;147;199;199;172;175;234;243;170;170;193;205;235;235;178;181
363;Cla381;Pop21;Azur_Valouc;Cadière d'Azur-Les Valouches;Paca;France;43,192132;5,738091;118;118;177;177;153;181;188;190;207;207;226;226;276;294;126;126;209;218;143;155;157;159;131;133;145;147;199;199;172;175;234;243;170;170;193;205;235;238;178;181
364;Cla382;Pop21;Azur_Valouc;Cadière d'Azur-Les Valouches;Paca;France;43,192132;5,738091;118;120;177;177;153;175;188;190;207;207;224;226;302;304;126;126;206;206;139;145;153;157;131;133;145;147;199;199;154;172;234;234;170;170;193;193;232;235;178;178
365;Cla383;Pop21;Azur_Valouc;Cadière d'Azur-Les Valouches;Paca;France;43,192132;5,738091;118;120;177;177;153;175;188;190;207;207;226;226;302;304;126;126;206;209;143;145;153;157;131;133;145;147;196;199;154;172;234;234;170;170;193;193;232;235;178;187
366;Cla384;Pop21;Azur_Valouc;Cadière d'Azur-Les Valouches;Paca;France;43,192132;5,738091;118;120;177;177;175;181;188;190;205;207;226;226;290;294;126;126;209;209;143;145;159;159;131;133;145;147;196;199;172;187;234;234;170;182;187;205;235;235;178;181
367;Cla385;Pop21;Azur_Valouc;Cadière d'Azur-Les Valouches;Paca;France;43,192132;5,738091;118;118;177;177;175;181;190;190;207;207;226;226;276;292;126;129;206;218;143;153;157;159;149;149;139;145;196;199;187;187;234;234;185;185;193;205;235;235;178;181
368;Cla386;Pop21;Azur_Valouc;Cadière d'Azur-Les Valouches;Paca;France;43,192132;5,738091;118;118;177;177;175;181;190;192;207;207;224;226;292;292;129;132;206;209;151;153;157;157;147;149;143;145;199;199;187;187;234;234;179;185;193;205;235;235;178;178
369;Cla387;Pop21;Azur_Valouc;Cadière d'Azur-Les Valouches;Paca;France;43,192132;5,738091;118;120;177;177;153;175;188;190;207;207;226;226;292;294;132;132;209;233;143;145;157;159;131;133;145;147;199;199;154;187;234;243;179;182;187;205;235;235;178;181
370;Cla388;Pop21;Azur_Valouc;Cadière d'Azur-Les Valouches;Paca;France;43,192132;5,738091;118;118;177;179;153;175;188;192;205;207;226;226;292;294;120;126;206;206;143;145;155;157;131;133;141;145;199;202;154;187;234;243;170;179;193;205;232;235;178;181
371;Cla389;Pop21;Azur_Valouc;Cadière d'Azur-Les Valouches;Paca;France;43,192132;5,738091;118;118;177;179;175;181;190;192;207;207;226;226;290;292;126;126;209;209;143;149;153;157;131;133;143;145;199;202;154;172;234;243;170;179;193;205;238;238;178;181
372;Cla390;Pop21;Azur_Valouc;Cadière d'Azur-Les Valouches;Paca;France;43,192132;5,738091;118;118;177;179;153;175;188;192;207;207;226;226;294;294;120;126;206;206;143;145;153;157;137;139;143;145;199;199;154;172;234;243;170;182;187;193;229;238;178;181
373;Cla391;Pop21;Azur_Valouc;Cadière d'Azur-Les Valouches;Paca;France;43,192132;5,738091;118;118;177;177;153;153;188;192;207;213;226;226;294;314;129;129;206;206;143;143;159;159;137;139;145;145;196;196;187;187;234;234;170;170;187;211;235;235;178;181
374;Cla392;Pop21;Azur_Valouc;Cadière d'Azur-Les Valouches;Paca;France;43,192132;5,738091;118;118;177;183;153;175;192;192;207;207;226;226;292;294;126;129;206;209;151;155;153;157;133;149;145;147;196;196;172;184;234;234;170;170;193;193;232;232;178;184
375;Cla393;Pop21;Azur_Valouc;Cadière d'Azur-Les Valouches;Paca;France;43,192132;5,738091;118;120;177;179;153;175;188;192;207;207;224;226;300;302;129;132;206;209;143;155;153;157;131;133;139;145;196;199;154;187;234;243;170;179;187;193;232;232;178;181
376;Cla394;Pop21;Azur_Valouc;Cadière d'Azur-Les Valouches;Paca;France;43,192132;5,738091;118;126;177;183;175;181;188;190;207;207;226;226;292;294;129;132;206;209;143;155;157;159;131;133;133;147;196;199;172;175;234;243;170;170;193;205;235;238;178;181
377;Cla395;Pop21;Azur_Valouc;Cadière d'Azur-Les Valouches;Paca;France;43,192132;5,738091;118;118;177;179;153;175;188;190;207;211;226;226;276;292;129;132;206;209;137;155;155;157;131;133;141;145;199;199;154;187;234;243;179;179;193;205;241;241;178;181
378;Cla396;Pop21;Azur_Valouc;Cadière d'Azur-Les Valouches;Paca;France;43,192132;5,738091;118;118;177;179;153;175;188;192;207;211;226;226;290;292;120;126;206;209;153;155;155;157;133;149;141;145;199;202;154;154;234;243;179;179;202;205;235;235;178;181
379;Cla397;Pop21;Azur_Valouc;Cadière d'Azur-Les Valouches;Paca;France;43,192132;5,738091;118;120;177;179;153;181;190;190;207;207;226;226;292;302;126;126;206;206;145;151;153;157;127;133;143;145;199;202;154;175;234;243;170;179;193;205;232;238;178;181
380;Cla398;Pop21;Azur_Valouc;Cadière d'Azur-Les Valouches;Paca;France;43,192132;5,738091;118;126;177;179;175;181;188;192;205;205;226;226;292;304;126;126;200;206;143;155;151;153;123;133;143;145;199;199;175;187;234;243;170;182;193;205;238;238;178;181
381;Cla399;Pop21;Azur_Valouc;Cadière d'Azur-Les Valouches;Paca;France;43,192132;5,738091;118;118;177;179;175;181;190;190;211;211;226;226;298;302;126;126;206;233;143;145;159;159;139;149;143;145;199;202;187;187;234;243;179;182;187;193;223;238;181;184
382;Cla400;Pop21;Azur_Valouc;Cadière d'Azur-Les Valouches;Paca;France;43,192132;5,738091;118;120;177;179;153;175;188;190;207;207;222;226;292;304;126;126;206;206;143;145;153;157;131;133;139;145;196;199;154;172;234;243;170;176;193;193;232;235;178;181
383;Cla401;Pop21;Azur_Valouc;Cadière d'Azur-Les Valouches;Paca;France;43,192132;5,738091;118;120;179;183;153;175;188;190;205;207;226;226;292;294;129;132;200;209;137;143;155;157;133;149;139;145;196;202;154;187;234;243;170;176;187;193;232;232;178;181
384;Cla402;Pop22;Ensues_2;Ensues la redonne_2;Paca;France;43,331026;5,208455;124;126;183;183;175;181;190;194;205;209;222;226;292;292;129;132;206;209;143;151;151;157;133;133;133;139;199;202;154;195;234;243;176;179;196;196;238;238;181;193
385;Cla403;Pop22;Ensues_2;Ensues la redonne_2;Paca;France;43,331026;5,208455;118;118;177;179;153;181;190;190;207;207;226;226;286;292;126;126;206;209;137;137;155;157;123;133;143;147;199;202;154;195;234;243;176;179;205;226;238;238;181;193
386;Cla404;Pop22;Ensues_2;Ensues la redonne_2;Paca;France;43,331026;5,208455;118;126;177;179;175;181;190;190;207;207;226;226;290;294;126;126;200;209;143;151;155;155;123;133;143;147;199;202;175;195;234;243;176;176;217;217;238;238;181;193
387;Cla405;Pop22;Ensues_2;Ensues la redonne_2;Paca;France;43,331026;5,208455;118;126;177;179;181;181;190;190;205;205;226;226;292;302;126;126;200;209;143;145;155;157;127;127;143;143;199;199;154;175;234;243;179;179;199;205;238;238;181;193
388;Cla406;Pop22;Ensues_2;Ensues la redonne_2;Paca;France;43,331026;5,208455;124;126;177;179;181;181;188;194;205;205;226;226;292;292;129;129;206;218;143;143;151;161;123;133;133;143;199;199;175;195;243;243;176;176;205;205;223;238;181;193
389;Cla407;Pop22;Ensues_2;Ensues la redonne_2;Paca;France;43,331026;5,208455;124;126;179;183;181;181;194;194;205;207;226;226;302;302;129;129;200;209;137;143;151;155;131;133;139;143;199;202;195;195;234;243;176;176;205;205;223;238;181;193
390;Cla408;Pop22;Ensues_2;Ensues la redonne_2;Paca;France;43,331026;5,208455;126;126;179;183;175;181;190;194;205;207;226;226;292;302;126;129;206;209;143;149;151;155;123;133;133;139;199;202;154;195;234;243;176;176;205;226;223;238;181;193
391;Cla409;Pop22;Ensues_2;Ensues la redonne_2;Paca;France;43,331026;5,208455;118;126;179;183;181;181;194;194;205;205;226;226;292;302;126;129;200;209;143;155;155;155;123;145;139;139;199;199;175;195;234;243;176;176;196;226;223;223;181;193
392;Cla410;Pop22;Ensues_2;Ensues la redonne_2;Paca;France;43,331026;5,208455;118;118;177;183;181;181;190;190;205;205;226;226;292;302;126;126;206;209;137;143;151;155;123;133;133;139;196;199;175;195;234;243;176;176;187;214;223;238;181;193
393;Cla411;Pop22;Ensues_2;Ensues la redonne_2;Paca;France;43,331026;5,208455;124;126;179;179;181;181;188;194;207;207;226;226;290;292;126;129;200;206;143;151;155;155;131;133;143;143;190;199;154;195;234;234;176;179;199;202;223;238;181;193
394;Cla412;Pop22;Ensues_2;Ensues la redonne_2;Paca;France;43,331026;5,208455;124;126;179;179;181;181;190;190;205;205;226;226;290;292;126;132;200;200;143;151;151;155;123;127;143;147;190;199;175;195;234;243;176;179;196;202;238;238;181;193
395;Cla413;Pop22;Ensues_2;Ensues la redonne_2;Paca;France;43,331026;5,208455;118;126;179;183;181;181;190;190;205;207;226;226;290;292;126;126;200;209;137;143;151;155;123;123;133;147;196;196;175;195;243;243;176;176;205;226;238;238;181;181
396;Cla414;Pop22;Ensues_2;Ensues la redonne_2;Paca;France;43,331026;5,208455;118;118;177;183;181;181;190;190;205;205;226;226;290;292;129;129;200;209;137;143;151;155;123;133;133;143;196;199;175;195;243;243;176;176;187;214;223;238;181;193
397;Cla415;Pop22;Ensues_2;Ensues la redonne_2;Paca;France;43,331026;5,208455;118;126;177;179;181;181;188;194;205;205;226;226;292;302;129;129;206;206;137;143;151;155;127;127;143;147;196;199;175;195;234;243;176;179;196;226;235;238;181;193
398;Cla416;Pop22;Ensues_2;Ensues la redonne_2;Paca;France;43,331026;5,208455;118;118;177;179;175;181;190;194;205;207;226;226;290;292;126;129;200;206;137;143;151;155;127;145;139;143;196;202;175;195;234;243;176;176;196;205;238;238;178;178
399;Cla417;Pop22;Ensues_2;Ensues la redonne_2;Paca;France;43,331026;5,208455;118;126;177;179;181;181;190;194;205;207;222;222;292;302;126;129;200;209;143;143;155;161;123;127;139;143;199;199;175;195;234;243;170;170;196;226;235;238;181;181
400;Cla418;Pop22;Ensues_2;Ensues la redonne_2;Paca;France;43,331026;5,208455;118;126;179;179;181;181;190;194;205;205;226;226;292;302;126;126;200;209;149;151;155;161;127;127;143;143;199;202;175;175;234;234;179;179;199;205;223;238;181;181
401;Cla419;Pop22;Ensues_2;Ensues la redonne_2;Paca;France;43,331026;5,208455;118;126;179;179;181;181;190;190;207;207;226;226;292;292;126;129;206;209;143;151;155;155;123;133;139;143;199;205;154;175;234;243;176;182;202;226;223;238;181;193
402;Cla420;Pop22;Ensues_2;Ensues la redonne_2;Paca;France;43,331026;5,208455;124;126;179;179;175;181;190;190;205;207;226;226;290;292;126;129;206;209;143;153;151;155;123;133;139;143;190;202;175;195;234;243;176;176;202;205;238;238;181;193
403;Cla421;Pop22;Ensues_2;Ensues la redonne_2;Paca;France;43,331026;5,208455;124;126;179;179;175;181;190;194;205;207;226;226;290;292;126;126;206;209;137;143;151;155;123;145;143;147;196;196;175;195;243;243;176;176;199;202;238;238;181;193
404;Cla422;Pop22;Ensues_2;Ensues la redonne_2;Paca;France;43,331026;5,208455;118;126;177;179;175;181;190;194;205;207;226;226;292;304;126;126;206;209;137;143;151;155;123;127;139;143;196;196;175;195;234;243;176;176;202;205;223;238;181;193
405;Cla423;Pop22;Ensues_2;Ensues la redonne_2;Paca;France;43,331026;5,208455;118;126;177;179;175;181;190;194;205;207;226;226;292;302;126;129;200;209;137;143;151;155;127;127;139;143;196;196;175;195;234;243;176;176;196;205;223;238;181;181
406;Cla424;Pop22;Ensues_2;Ensues la redonne_2;Paca;France;43,331026;5,208455;118;126;177;179;175;181;190;194;205;207;226;226;292;292;126;129;200;206;137;143;151;155;125;127;139;143;199;202;175;195;234;243;176;176;196;205;223;238;181;193
407;Cla425;Pop22;Ensues_2;Ensues la redonne_2;Paca;France;43,331026;5,208455;118;126;177;179;181;181;190;190;205;205;226;226;290;292;126;129;200;209;137;137;155;155;123;133;143;147;199;199;154;195;234;243;176;179;205;226;238;238;178;178
408;Cla426;Pop22;Ensues_2;Ensues la redonne_2;Paca;France;43,331026;5,208455;124;126;179;179;181;181;190;194;205;205;226;226;292;302;126;129;200;209;137;151;151;155;127;133;139;143;199;202;175;195;234;243;176;179;196;205;238;238;181;193
409;Cla427;Pop22;Ensues_2;Ensues la redonne_2;Paca;France;43,331026;5,208455;118;126;179;179;175;181;188;190;205;207;226;226;290;290;126;126;200;209;137;143;151;155;131;133;139;143;190;199;175;195;234;243;176;182;202;226;223;238;181;193
410;Cla428;Pop22;Ensues_2;Ensues la redonne_2;Paca;France;43,331026;5,208455;118;126;179;179;175;181;190;194;205;207;226;226;292;292;126;129;206;218;143;145;151;155;123;133;139;143;199;199;175;195;234;243;176;176;202;205;223;238;184;184
411;Cla429;Pop22;Ensues_2;Ensues la redonne_2;Paca;France;43,331026;5,208455;118;126;179;183;175;181;190;194;205;207;226;226;294;294;126;129;206;209;143;149;151;155;123;123;133;139;196;196;175;195;234;243;176;176;202;226;223;238;181;193
412;Cla430;Pop22;Ensues_2;Ensues la redonne_2;Paca;France;43,331026;5,208455;118;126;177;179;181;181;188;190;205;207;226;226;290;294;129;132;206;209;137;143;151;155;123;127;133;143;196;202;172;175;234;243;176;179;196;205;238;241;181;193
413;Cla431;Pop22;Ensues_2;Ensues la redonne_2;Paca;France;43,331026;5,208455;118;118;177;179;181;181;190;190;205;205;226;226;292;294;126;129;200;206;137;143;155;155;127;133;139;143;199;202;175;175;234;243;176;176;205;226;223;238;181;193
414;Cla432;Pop22;Ensues_2;Ensues la redonne_2;Paca;France;43,331026;5,208455;118;126;177;179;175;181;190;194;205;207;226;226;292;294;129;129;206;209;137;151;151;155;127;133;139;147;199;202;154;175;234;243;176;179;202;205;223;238;181;181
415;Cla433;Pop22;Ensues_2;Ensues la redonne_2;Paca;France;43,331026;5,208455;124;126;179;179;175;181;190;190;205;207;226;226;292;294;129;132;206;209;137;153;151;155;127;133;139;143;199;202;175;195;234;243;176;179;202;205;238;238;181;181
416;Cla434;Pop22;Ensues_2;Ensues la redonne_2;Paca;France;43,331026;5,208455;124;126;179;179;181;181;188;194;205;205;226;226;292;292;129;129;200;209;143;151;151;151;131;133;139;143;199;202;175;195;234;243;176;179;196;205;235;238;181;193
417;Cla435;Pop22;Ensues_2;Ensues la redonne_2;Paca;France;43,331026;5,208455;118;126;179;179;175;181;188;190;205;207;226;226;290;302;126;129;206;209;137;143;151;155;133;145;143;145;196;196;175;195;234;243;176;176;226;229;223;238;181;193
418;Cla436;Pop22;Ensues_2;Ensues la redonne_2;Paca;France;43,331026;5,208455;118;126;179;179;175;181;190;194;205;207;226;226;292;304;126;126;206;206;137;143;151;155;123;145;139;143;196;196;175;195;234;243;176;176;202;202;223;238;193;193
419;Cla437;Pop22;Ensues_2;Ensues la redonne_2;Paca;France;43,331026;5,208455;118;126;179;183;181;181;190;194;205;207;226;226;292;302;126;126;200;209;143;145;151;155;123;145;139;143;199;202;175;195;234;243;176;176;205;226;223;238;181;193
420;Cla438;Pop22;Ensues_2;Ensues la redonne_2;Paca;France;43,331026;5,208455;118;126;177;179;175;181;190;194;207;207;226;226;292;292;126;129;206;209;137;143;155;155;133;145;133;143;199;202;154;195;243;243;176;176;205;205;223;238;181;193
421;Cla439;Pop22;Ensues_2;Ensues la redonne_2;Paca;France;43,331026;5,208455;118;126;177;179;181;181;190;194;205;207;226;226;292;302;126;129;206;206;137;143;155;155;123;133;139;143;199;202;175;195;234;243;176;176;205;226;223;238;181;193
422;Cla440;Pop22;Ensues_2;Ensues la redonne_2;Paca;France;43,331026;5,208455;118;126;177;179;181;181;190;194;205;207;226;226;290;292;129;132;206;206;137;143;151;155;123;133;143;147;199;202;175;195;234;243;176;182;199;205;223;238;181;193
423;Cla441;Pop22;Ensues_2;Ensues la redonne_2;Paca;France;43,331026;5,208455;118;126;177;179;175;181;190;194;205;207;224;224;292;294;126;129;200;209;137;143;155;161;123;133;139;143;199;202;175;195;234;243;176;179;205;226;235;238;181;193
424;Cla442;Pop22;Ensues_2;Ensues la redonne_2;Paca;France;43,331026;5,208455;118;126;177;183;181;181;188;190;205;205;226;226;292;292;126;129;206;209;137;137;151;151;123;127;143;147;199;202;175;195;234;243;176;179;226;226;223;238;181;193
425;Cla443;Pop22;Ensues_2;Ensues la redonne_2;Paca;France;43,331026;5,208455;118;118;179;179;175;181;188;190;205;205;226;226;290;292;126;129;209;209;137;143;151;155;123;133;143;143;190;196;154;175;234;243;176;176;202;226;223;244;181;193
426;Cla444;Pop22;Ensues_2;Ensues la redonne_2;Paca;France;43,331026;5,208455;118;126;177;179;175;175;190;190;205;205;226;226;292;302;126;132;200;206;137;143;151;155;127;127;143;147;199;202;175;175;234;234;176;176;196;199;238;238;181;193
427;Cla445;Pop22;Ensues_2;Ensues la redonne_2;Paca;France;43,331026;5,208455;124;126;179;179;175;175;190;194;205;205;226;226;290;292;126;132;200;209;151;153;151;155;127;145;143;143;196;199;175;195;234;243;176;176;202;205;238;238;181;181
428;Cla446;Pop22;Ensues_2;Ensues la redonne_2;Paca;France;43,331026;5,208455;118;118;177;179;181;181;188;194;205;207;226;226;292;302;126;129;206;209;137;143;151;155;123;133;139;143;196;199;175;195;243;243;176;182;196;226;235;238;181;181
429;Cla447;Pop22;Ensues_2;Ensues la redonne_2;Paca;France;43,331026;5,208455;118;126;179;183;181;181;190;194;205;207;226;226;292;302;126;129;200;209;143;149;151;155;123;127;133;139;199;202;175;195;234;243;176;176;205;226;223;238;178;181
